solid Part 2. STL generated by ONSHAPE BY PTC INC, 1.213. Units = meters
   facet normal -0.505142 0.100479 0.857167
      outer loop
         vertex -0.09 6.12323e-19 0.0624978
         vertex -0.0876903 -0.000956709 0.064
         vertex -0.0875 6.12323e-19 0.064
      endloop
   endfacet
   facet normal -0.428239 0.28614 0.857167
      outer loop
         vertex -0.09 6.12323e-19 0.0624978
         vertex -0.0882322 -0.00176777 0.064
         vertex -0.0876903 -0.000956709 0.064
      endloop
   endfacet
   facet normal -0.28614 0.428239 0.857167
      outer loop
         vertex -0.09 6.12323e-19 0.0624978
         vertex -0.0890433 -0.0023097 0.064
         vertex -0.0882322 -0.00176777 0.064
      endloop
   endfacet
   facet normal -0.100479 0.505142 0.857167
      outer loop
         vertex -0.09 6.12323e-19 0.0624978
         vertex -0.09 -0.0025 0.064
         vertex -0.0890433 -0.0023097 0.064
      endloop
   endfacet
   facet normal 0.100479 0.505142 0.857167
      outer loop
         vertex -0.09 6.12323e-19 0.0624978
         vertex -0.0909567 -0.0023097 0.064
         vertex -0.09 -0.0025 0.064
      endloop
   endfacet
   facet normal 0.28614 0.428239 0.857167
      outer loop
         vertex -0.09 6.12323e-19 0.0624978
         vertex -0.0917678 -0.00176777 0.064
         vertex -0.0909567 -0.0023097 0.064
      endloop
   endfacet
   facet normal 0.428239 0.28614 0.857167
      outer loop
         vertex -0.09 6.12323e-19 0.0624978
         vertex -0.0923097 -0.000956709 0.064
         vertex -0.0917678 -0.00176777 0.064
      endloop
   endfacet
   facet normal 0.505142 0.100479 0.857167
      outer loop
         vertex -0.09 6.12323e-19 0.0624978
         vertex -0.0925 1.53081e-18 0.064
         vertex -0.0923097 -0.000956709 0.064
      endloop
   endfacet
   facet normal 0.505142 -0.100479 0.857167
      outer loop
         vertex -0.09 6.12323e-19 0.0624978
         vertex -0.0923097 0.000956709 0.064
         vertex -0.0925 1.53081e-18 0.064
      endloop
   endfacet
   facet normal 0.428239 -0.28614 0.857167
      outer loop
         vertex -0.09 6.12323e-19 0.0624978
         vertex -0.0917678 0.00176777 0.064
         vertex -0.0923097 0.000956709 0.064
      endloop
   endfacet
   facet normal 0.28614 -0.428239 0.857167
      outer loop
         vertex -0.09 6.12323e-19 0.0624978
         vertex -0.0909567 0.0023097 0.064
         vertex -0.0917678 0.00176777 0.064
      endloop
   endfacet
   facet normal 0.100479 -0.505142 0.857167
      outer loop
         vertex -0.09 6.12323e-19 0.0624978
         vertex -0.09 0.0025 0.064
         vertex -0.0909567 0.0023097 0.064
      endloop
   endfacet
   facet normal -0.100479 -0.505142 0.857167
      outer loop
         vertex -0.09 6.12323e-19 0.0624978
         vertex -0.0890433 0.0023097 0.064
         vertex -0.09 0.0025 0.064
      endloop
   endfacet
   facet normal -0.28614 -0.428239 0.857167
      outer loop
         vertex -0.09 6.12323e-19 0.0624978
         vertex -0.0882322 0.00176777 0.064
         vertex -0.0890433 0.0023097 0.064
      endloop
   endfacet
   facet normal -0.428239 -0.28614 0.857167
      outer loop
         vertex -0.09 6.12323e-19 0.0624978
         vertex -0.0876903 0.000956709 0.064
         vertex -0.0882322 0.00176777 0.064
      endloop
   endfacet
   facet normal -0.505142 -0.100479 0.857167
      outer loop
         vertex -0.09 6.12323e-19 0.0624978
         vertex -0.0875 6.12323e-19 0.064
         vertex -0.0876903 0.000956709 0.064
      endloop
   endfacet
   facet normal 0.92388 0.382683 0
      outer loop
         vertex -0.0923097 -0.000956709 0.064
         vertex -0.0925 1.53081e-18 0.064
         vertex -0.0925 6.12323e-19 0.08
      endloop
   endfacet
   facet normal 0.707107 0.707107 0
      outer loop
         vertex -0.0917678 -0.00176777 0.064
         vertex -0.0923097 -0.000956709 0.064
         vertex -0.0923097 -0.000956709 0.08
      endloop
   endfacet
   facet normal 0.382683 0.92388 0
      outer loop
         vertex -0.0909567 -0.0023097 0.064
         vertex -0.0917678 -0.00176777 0.064
         vertex -0.0917678 -0.00176777 0.08
      endloop
   endfacet
   facet normal -1.83697e-16 1 0
      outer loop
         vertex -0.09 -0.0025 0.064
         vertex -0.0909567 -0.0023097 0.064
         vertex -0.0909567 -0.0023097 0.08
      endloop
   endfacet
   facet normal -0.382683 0.92388 0
      outer loop
         vertex -0.0890433 -0.0023097 0.064
         vertex -0.09 -0.0025 0.064
         vertex -0.09 -0.0025 0.08
      endloop
   endfacet
   facet normal -0.707107 0.707107 0
      outer loop
         vertex -0.0882322 -0.00176777 0.064
         vertex -0.0890433 -0.0023097 0.064
         vertex -0.0890433 -0.0023097 0.08
      endloop
   endfacet
   facet normal -0.92388 0.382683 0
      outer loop
         vertex -0.0876903 -0.000956709 0.064
         vertex -0.0882322 -0.00176777 0.064
         vertex -0.0882322 -0.00176777 0.08
      endloop
   endfacet
   facet normal -1 -1.22465e-16 0
      outer loop
         vertex -0.0875 6.12323e-19 0.064
         vertex -0.0876903 -0.000956709 0.064
         vertex -0.0876903 -0.000956709 0.08
      endloop
   endfacet
   facet normal -0.92388 -0.382683 0
      outer loop
         vertex -0.0876903 0.000956709 0.064
         vertex -0.0875 6.12323e-19 0.064
         vertex -0.0875 9.18485e-19 0.08
      endloop
   endfacet
   facet normal -0.707107 -0.707107 0
      outer loop
         vertex -0.0882322 0.00176777 0.064
         vertex -0.0876903 0.000956709 0.064
         vertex -0.0876903 0.000956709 0.08
      endloop
   endfacet
   facet normal -0.382683 -0.92388 0
      outer loop
         vertex -0.0890433 0.0023097 0.064
         vertex -0.0882322 0.00176777 0.064
         vertex -0.0882322 0.00176777 0.08
      endloop
   endfacet
   facet normal 6.12323e-17 -1 0
      outer loop
         vertex -0.09 0.0025 0.064
         vertex -0.0890433 0.0023097 0.064
         vertex -0.0890433 0.0023097 0.08
      endloop
   endfacet
   facet normal 0.382683 -0.92388 0
      outer loop
         vertex -0.0909567 0.0023097 0.064
         vertex -0.09 0.0025 0.064
         vertex -0.09 0.0025 0.08
      endloop
   endfacet
   facet normal 0.707107 -0.707107 0
      outer loop
         vertex -0.0917678 0.00176777 0.064
         vertex -0.0909567 0.0023097 0.064
         vertex -0.0909567 0.0023097 0.08
      endloop
   endfacet
   facet normal 0.92388 -0.382683 0
      outer loop
         vertex -0.0923097 0.000956709 0.064
         vertex -0.0917678 0.00176777 0.064
         vertex -0.0917678 0.00176777 0.08
      endloop
   endfacet
   facet normal 1 2.44929e-16 0
      outer loop
         vertex -0.0925 1.53081e-18 0.064
         vertex -0.0923097 0.000956709 0.064
         vertex -0.0923097 0.000956709 0.08
      endloop
   endfacet
   facet normal 0.92388 -0.382683 0
      outer loop
         vertex -0.0923097 0.000956709 0.08
         vertex -0.0925 6.12323e-19 0.08
         vertex -0.0925 1.53081e-18 0.064
      endloop
   endfacet
   facet normal 0.707107 -0.707107 0
      outer loop
         vertex -0.0917678 0.00176777 0.08
         vertex -0.0923097 0.000956709 0.08
         vertex -0.0923097 0.000956709 0.064
      endloop
   endfacet
   facet normal 0.382683 -0.92388 0
      outer loop
         vertex -0.0909567 0.0023097 0.08
         vertex -0.0917678 0.00176777 0.08
         vertex -0.0917678 0.00176777 0.064
      endloop
   endfacet
   facet normal 6.12323e-17 -1 0
      outer loop
         vertex -0.09 0.0025 0.08
         vertex -0.0909567 0.0023097 0.08
         vertex -0.0909567 0.0023097 0.064
      endloop
   endfacet
   facet normal -0.382683 -0.92388 0
      outer loop
         vertex -0.0890433 0.0023097 0.08
         vertex -0.09 0.0025 0.08
         vertex -0.09 0.0025 0.064
      endloop
   endfacet
   facet normal -0.707107 -0.707107 0
      outer loop
         vertex -0.0882322 0.00176777 0.08
         vertex -0.0890433 0.0023097 0.08
         vertex -0.0890433 0.0023097 0.064
      endloop
   endfacet
   facet normal -0.92388 -0.382683 0
      outer loop
         vertex -0.0876903 0.000956709 0.08
         vertex -0.0882322 0.00176777 0.08
         vertex -0.0882322 0.00176777 0.064
      endloop
   endfacet
   facet normal -1 -1.22465e-16 0
      outer loop
         vertex -0.0875 9.18485e-19 0.08
         vertex -0.0876903 0.000956709 0.08
         vertex -0.0876903 0.000956709 0.064
      endloop
   endfacet
   facet normal -0.92388 0.382683 0
      outer loop
         vertex -0.0876903 -0.000956709 0.08
         vertex -0.0875 9.18485e-19 0.08
         vertex -0.0875 6.12323e-19 0.064
      endloop
   endfacet
   facet normal -0.707107 0.707107 0
      outer loop
         vertex -0.0882322 -0.00176777 0.08
         vertex -0.0876903 -0.000956709 0.08
         vertex -0.0876903 -0.000956709 0.064
      endloop
   endfacet
   facet normal -0.382683 0.92388 0
      outer loop
         vertex -0.0890433 -0.0023097 0.08
         vertex -0.0882322 -0.00176777 0.08
         vertex -0.0882322 -0.00176777 0.064
      endloop
   endfacet
   facet normal -1.83697e-16 1 0
      outer loop
         vertex -0.09 -0.0025 0.08
         vertex -0.0890433 -0.0023097 0.08
         vertex -0.0890433 -0.0023097 0.064
      endloop
   endfacet
   facet normal 0.382683 0.92388 0
      outer loop
         vertex -0.0909567 -0.0023097 0.08
         vertex -0.09 -0.0025 0.08
         vertex -0.09 -0.0025 0.064
      endloop
   endfacet
   facet normal 0.707107 0.707107 0
      outer loop
         vertex -0.0917678 -0.00176777 0.08
         vertex -0.0909567 -0.0023097 0.08
         vertex -0.0909567 -0.0023097 0.064
      endloop
   endfacet
   facet normal 0.92388 0.382683 0
      outer loop
         vertex -0.0923097 -0.000956709 0.08
         vertex -0.0917678 -0.00176777 0.08
         vertex -0.0917678 -0.00176777 0.064
      endloop
   endfacet
   facet normal 1 2.44929e-16 0
      outer loop
         vertex -0.0925 6.12323e-19 0.08
         vertex -0.0923097 -0.000956709 0.08
         vertex -0.0923097 -0.000956709 0.064
      endloop
   endfacet
   facet normal 0 0 1
      outer loop
         vertex -0.09 0.0095 0.08
         vertex -0.09 0.0025 0.08
         vertex -0.0890433 0.0023097 0.08
      endloop
   endfacet
   facet normal 0 0 1
      outer loop
         vertex -0.09 0.0095 0.08
         vertex -0.0936355 0.00877686 0.08
         vertex -0.0909567 0.0023097 0.08
      endloop
   endfacet
   facet normal 0 0 1
      outer loop
         vertex -0.0832825 -0.00671751 0.08
         vertex -0.0812231 -0.00363549 0.08
         vertex -0.0876903 -0.000956709 0.08
      endloop
   endfacet
   facet normal 0 0 1
      outer loop
         vertex -0.0812231 -0.00363549 0.08
         vertex -0.0805 4.10257e-18 0.08
         vertex -0.0875 9.18485e-19 0.08
      endloop
   endfacet
   facet normal 0 0 1
      outer loop
         vertex -0.0812231 0.00363549 0.08
         vertex -0.0876903 0.000956709 0.08
         vertex -0.0875 9.18485e-19 0.08
      endloop
   endfacet
   facet normal 0 0 1
      outer loop
         vertex -0.0832825 0.00671751 0.08
         vertex -0.0882322 0.00176777 0.08
         vertex -0.0876903 0.000956709 0.08
      endloop
   endfacet
   facet normal 0 0 1
      outer loop
         vertex -0.0863645 0.00877686 0.08
         vertex -0.0890433 0.0023097 0.08
         vertex -0.0882322 0.00176777 0.08
      endloop
   endfacet
   facet normal 0 0 1
      outer loop
         vertex -0.0909567 0.0023097 0.08
         vertex -0.09 0.0025 0.08
         vertex -0.09 0.0095 0.08
      endloop
   endfacet
   facet normal 0 0 1
      outer loop
         vertex -0.0967175 0.00671751 0.08
         vertex -0.0987769 0.00363549 0.08
         vertex -0.0923097 0.000956709 0.08
      endloop
   endfacet
   facet normal 0 0 1
      outer loop
         vertex -0.0987769 0.00363549 0.08
         vertex -0.0995 6.12323e-19 0.08
         vertex -0.0925 6.12323e-19 0.08
      endloop
   endfacet
   facet normal 0 0 1
      outer loop
         vertex -0.0987769 -0.00363549 0.08
         vertex -0.0923097 -0.000956709 0.08
         vertex -0.0925 6.12323e-19 0.08
      endloop
   endfacet
   facet normal 0 0 1
      outer loop
         vertex -0.0967175 -0.00671751 0.08
         vertex -0.0917678 -0.00176777 0.08
         vertex -0.0923097 -0.000956709 0.08
      endloop
   endfacet
   facet normal 0 0 1
      outer loop
         vertex -0.09 -0.0095 0.08
         vertex -0.09 -0.0025 0.08
         vertex -0.0909567 -0.0023097 0.08
      endloop
   endfacet
   facet normal 0 0 1
      outer loop
         vertex -0.09 -0.0095 0.08
         vertex -0.0863645 -0.00877686 0.08
         vertex -0.0890433 -0.0023097 0.08
      endloop
   endfacet
   facet normal 0 0 1
      outer loop
         vertex -0.0863645 -0.00877686 0.08
         vertex -0.0832825 -0.00671751 0.08
         vertex -0.0882322 -0.00176777 0.08
      endloop
   endfacet
   facet normal 0 0 1
      outer loop
         vertex -0.0875 9.18485e-19 0.08
         vertex -0.0876903 -0.000956709 0.08
         vertex -0.0812231 -0.00363549 0.08
      endloop
   endfacet
   facet normal 0 0 1
      outer loop
         vertex -0.0876903 0.000956709 0.08
         vertex -0.0812231 0.00363549 0.08
         vertex -0.0832825 0.00671751 0.08
      endloop
   endfacet
   facet normal 0 0 1
      outer loop
         vertex -0.0890433 0.0023097 0.08
         vertex -0.0863645 0.00877686 0.08
         vertex -0.09 0.0095 0.08
      endloop
   endfacet
   facet normal 0 0 1
      outer loop
         vertex -0.0936355 0.00877686 0.08
         vertex -0.0967175 0.00671751 0.08
         vertex -0.0917678 0.00176777 0.08
      endloop
   endfacet
   facet normal 0 0 1
      outer loop
         vertex -0.0925 6.12323e-19 0.08
         vertex -0.0923097 0.000956709 0.08
         vertex -0.0987769 0.00363549 0.08
      endloop
   endfacet
   facet normal 0 0 1
      outer loop
         vertex -0.0923097 -0.000956709 0.08
         vertex -0.0987769 -0.00363549 0.08
         vertex -0.0967175 -0.00671751 0.08
      endloop
   endfacet
   facet normal 0 0 1
      outer loop
         vertex -0.0936355 -0.00877686 0.08
         vertex -0.0909567 -0.0023097 0.08
         vertex -0.0917678 -0.00176777 0.08
      endloop
   endfacet
   facet normal 0 0 1
      outer loop
         vertex -0.0890433 -0.0023097 0.08
         vertex -0.09 -0.0025 0.08
         vertex -0.09 -0.0095 0.08
      endloop
   endfacet
   facet normal 0 0 1
      outer loop
         vertex -0.0876903 -0.000956709 0.08
         vertex -0.0882322 -0.00176777 0.08
         vertex -0.0832825 -0.00671751 0.08
      endloop
   endfacet
   facet normal 0 0 1
      outer loop
         vertex -0.0882322 0.00176777 0.08
         vertex -0.0832825 0.00671751 0.08
         vertex -0.0863645 0.00877686 0.08
      endloop
   endfacet
   facet normal 0 0 1
      outer loop
         vertex -0.0923097 0.000956709 0.08
         vertex -0.0917678 0.00176777 0.08
         vertex -0.0967175 0.00671751 0.08
      endloop
   endfacet
   facet normal 0 0 1
      outer loop
         vertex -0.0917678 -0.00176777 0.08
         vertex -0.0967175 -0.00671751 0.08
         vertex -0.0936355 -0.00877686 0.08
      endloop
   endfacet
   facet normal 0 0 1
      outer loop
         vertex -0.0882322 -0.00176777 0.08
         vertex -0.0890433 -0.0023097 0.08
         vertex -0.0863645 -0.00877686 0.08
      endloop
   endfacet
   facet normal 0 0 1
      outer loop
         vertex -0.0917678 0.00176777 0.08
         vertex -0.0909567 0.0023097 0.08
         vertex -0.0936355 0.00877686 0.08
      endloop
   endfacet
   facet normal 0 0 1
      outer loop
         vertex -0.0909567 -0.0023097 0.08
         vertex -0.0936355 -0.00877686 0.08
         vertex -0.09 -0.0095 0.08
      endloop
   endfacet
   facet normal 0 0 1
      outer loop
         vertex -0.0925 6.12323e-19 0.08
         vertex -0.0995 6.12323e-19 0.08
         vertex -0.0987769 -0.00363549 0.08
      endloop
   endfacet
   facet normal 0 0 1
      outer loop
         vertex -0.0875 9.18485e-19 0.08
         vertex -0.0805 4.10257e-18 0.08
         vertex -0.0812231 0.00363549 0.08
      endloop
   endfacet
   facet normal -0.707107 0 0.707107
      outer loop
         vertex -0.1 -1.83697e-18 0.0795
         vertex -0.0995 6.12323e-19 0.08
         vertex -0.0987769 0.00363549 0.08
      endloop
   endfacet
   facet normal -0.653281 0.270598 0.707107
      outer loop
         vertex -0.0992388 0.00382683 0.0795
         vertex -0.0987769 0.00363549 0.08
         vertex -0.0967175 0.00671751 0.08
      endloop
   endfacet
   facet normal -0.5 0.5 0.707107
      outer loop
         vertex -0.0970711 0.00707107 0.0795
         vertex -0.0967175 0.00671751 0.08
         vertex -0.0936355 0.00877686 0.08
      endloop
   endfacet
   facet normal -0.270598 0.653281 0.707107
      outer loop
         vertex -0.0938268 0.0092388 0.0795
         vertex -0.0936355 0.00877686 0.08
         vertex -0.09 0.0095 0.08
      endloop
   endfacet
   facet normal 7.85046e-17 0.707107 0.707107
      outer loop
         vertex -0.09 0.01 0.0795
         vertex -0.09 0.0095 0.08
         vertex -0.0863645 0.00877686 0.08
      endloop
   endfacet
   facet normal 0.270598 0.653281 0.707107
      outer loop
         vertex -0.0861732 0.0092388 0.0795
         vertex -0.0863645 0.00877686 0.08
         vertex -0.0832825 0.00671751 0.08
      endloop
   endfacet
   facet normal 0.5 0.5 0.707107
      outer loop
         vertex -0.0829289 0.00707107 0.0795
         vertex -0.0832825 0.00671751 0.08
         vertex -0.0812231 0.00363549 0.08
      endloop
   endfacet
   facet normal 0.653281 0.270598 0.707107
      outer loop
         vertex -0.0807612 0.00382683 0.0795
         vertex -0.0812231 0.00363549 0.08
         vertex -0.0805 4.10257e-18 0.08
      endloop
   endfacet
   facet normal 0.707107 -1.17757e-16 0.707107
      outer loop
         vertex -0.08 1.83697e-18 0.0795
         vertex -0.0805 4.10257e-18 0.08
         vertex -0.0812231 -0.00363549 0.08
      endloop
   endfacet
   facet normal 0.653281 -0.270598 0.707107
      outer loop
         vertex -0.0807612 -0.00382683 0.0795
         vertex -0.0812231 -0.00363549 0.08
         vertex -0.0832825 -0.00671751 0.08
      endloop
   endfacet
   facet normal 0.5 -0.5 0.707107
      outer loop
         vertex -0.0829289 -0.00707107 0.0795
         vertex -0.0832825 -0.00671751 0.08
         vertex -0.0863645 -0.00877686 0.08
      endloop
   endfacet
   facet normal 0.270598 -0.653281 0.707107
      outer loop
         vertex -0.0861732 -0.0092388 0.0795
         vertex -0.0863645 -0.00877686 0.08
         vertex -0.09 -0.0095 0.08
      endloop
   endfacet
   facet normal -1.96262e-16 -0.707107 0.707107
      outer loop
         vertex -0.09 -0.01 0.0795
         vertex -0.09 -0.0095 0.08
         vertex -0.0936355 -0.00877686 0.08
      endloop
   endfacet
   facet normal -0.270598 -0.653281 0.707107
      outer loop
         vertex -0.0938268 -0.0092388 0.0795
         vertex -0.0936355 -0.00877686 0.08
         vertex -0.0967175 -0.00671751 0.08
      endloop
   endfacet
   facet normal -0.5 -0.5 0.707107
      outer loop
         vertex -0.0970711 -0.00707107 0.0795
         vertex -0.0967175 -0.00671751 0.08
         vertex -0.0987769 -0.00363549 0.08
      endloop
   endfacet
   facet normal -0.653281 -0.270598 0.707107
      outer loop
         vertex -0.0992388 -0.00382683 0.0795
         vertex -0.0987769 -0.00363549 0.08
         vertex -0.0995 6.12323e-19 0.08
      endloop
   endfacet
   facet normal -0.707107 0 0.707107
      outer loop
         vertex -0.0995 6.12323e-19 0.08
         vertex -0.1 -1.83697e-18 0.0795
         vertex -0.0992388 -0.00382683 0.0795
      endloop
   endfacet
   facet normal -0.653281 -0.270598 0.707107
      outer loop
         vertex -0.0987769 -0.00363549 0.08
         vertex -0.0992388 -0.00382683 0.0795
         vertex -0.0970711 -0.00707107 0.0795
      endloop
   endfacet
   facet normal -0.5 -0.5 0.707107
      outer loop
         vertex -0.0967175 -0.00671751 0.08
         vertex -0.0970711 -0.00707107 0.0795
         vertex -0.0938268 -0.0092388 0.0795
      endloop
   endfacet
   facet normal -0.270598 -0.653281 0.707107
      outer loop
         vertex -0.0936355 -0.00877686 0.08
         vertex -0.0938268 -0.0092388 0.0795
         vertex -0.09 -0.01 0.0795
      endloop
   endfacet
   facet normal -1.96262e-16 -0.707107 0.707107
      outer loop
         vertex -0.09 -0.0095 0.08
         vertex -0.09 -0.01 0.0795
         vertex -0.0861732 -0.0092388 0.0795
      endloop
   endfacet
   facet normal 0.270598 -0.653281 0.707107
      outer loop
         vertex -0.0863645 -0.00877686 0.08
         vertex -0.0861732 -0.0092388 0.0795
         vertex -0.0829289 -0.00707107 0.0795
      endloop
   endfacet
   facet normal 0.5 -0.5 0.707107
      outer loop
         vertex -0.0832825 -0.00671751 0.08
         vertex -0.0829289 -0.00707107 0.0795
         vertex -0.0807612 -0.00382683 0.0795
      endloop
   endfacet
   facet normal 0.653281 -0.270598 0.707107
      outer loop
         vertex -0.0812231 -0.00363549 0.08
         vertex -0.0807612 -0.00382683 0.0795
         vertex -0.08 1.83697e-18 0.0795
      endloop
   endfacet
   facet normal 0.707107 -1.17757e-16 0.707107
      outer loop
         vertex -0.0805 4.10257e-18 0.08
         vertex -0.08 1.83697e-18 0.0795
         vertex -0.0807612 0.00382683 0.0795
      endloop
   endfacet
   facet normal 0.653281 0.270598 0.707107
      outer loop
         vertex -0.0812231 0.00363549 0.08
         vertex -0.0807612 0.00382683 0.0795
         vertex -0.0829289 0.00707107 0.0795
      endloop
   endfacet
   facet normal 0.5 0.5 0.707107
      outer loop
         vertex -0.0832825 0.00671751 0.08
         vertex -0.0829289 0.00707107 0.0795
         vertex -0.0861732 0.0092388 0.0795
      endloop
   endfacet
   facet normal 0.270598 0.653281 0.707107
      outer loop
         vertex -0.0863645 0.00877686 0.08
         vertex -0.0861732 0.0092388 0.0795
         vertex -0.09 0.01 0.0795
      endloop
   endfacet
   facet normal 7.85046e-17 0.707107 0.707107
      outer loop
         vertex -0.09 0.0095 0.08
         vertex -0.09 0.01 0.0795
         vertex -0.0938268 0.0092388 0.0795
      endloop
   endfacet
   facet normal -0.270598 0.653281 0.707107
      outer loop
         vertex -0.0936355 0.00877686 0.08
         vertex -0.0938268 0.0092388 0.0795
         vertex -0.0970711 0.00707107 0.0795
      endloop
   endfacet
   facet normal -0.5 0.5 0.707107
      outer loop
         vertex -0.0967175 0.00671751 0.08
         vertex -0.0970711 0.00707107 0.0795
         vertex -0.0992388 0.00382683 0.0795
      endloop
   endfacet
   facet normal -0.653281 0.270598 0.707107
      outer loop
         vertex -0.0987769 0.00363549 0.08
         vertex -0.0992388 0.00382683 0.0795
         vertex -0.1 -1.83697e-18 0.0795
      endloop
   endfacet
   facet normal -1 0 0
      outer loop
         vertex -0.1 6.12323e-19 0.07
         vertex -0.1 -1.83697e-18 0.0795
         vertex -0.0992388 0.00382683 0.0795
      endloop
   endfacet
   facet normal -0.92388 0.382683 0
      outer loop
         vertex -0.0992388 0.00382683 0.07
         vertex -0.0992388 0.00382683 0.0795
         vertex -0.0970711 0.00707107 0.0795
      endloop
   endfacet
   facet normal -0.707107 0.707107 0
      outer loop
         vertex -0.0970711 0.00707107 0.07
         vertex -0.0970711 0.00707107 0.0795
         vertex -0.0938268 0.0092388 0.0795
      endloop
   endfacet
   facet normal -0.382683 0.92388 0
      outer loop
         vertex -0.0938268 0.0092388 0.07
         vertex -0.0938268 0.0092388 0.0795
         vertex -0.09 0.01 0.0795
      endloop
   endfacet
   facet normal -6.12323e-17 1 0
      outer loop
         vertex -0.09 0.01 0.07
         vertex -0.09 0.01 0.0795
         vertex -0.0861732 0.0092388 0.0795
      endloop
   endfacet
   facet normal 0.382683 0.92388 0
      outer loop
         vertex -0.0861732 0.0092388 0.07
         vertex -0.0861732 0.0092388 0.0795
         vertex -0.0829289 0.00707107 0.0795
      endloop
   endfacet
   facet normal 0.707107 0.707107 0
      outer loop
         vertex -0.0829289 0.00707107 0.07
         vertex -0.0829289 0.00707107 0.0795
         vertex -0.0807612 0.00382683 0.0795
      endloop
   endfacet
   facet normal 0.92388 0.382683 0
      outer loop
         vertex -0.0807612 0.00382683 0.07
         vertex -0.0807612 0.00382683 0.0795
         vertex -0.08 1.83697e-18 0.0795
      endloop
   endfacet
   facet normal 1 1.22465e-16 0
      outer loop
         vertex -0.08 1.83697e-18 0.07
         vertex -0.08 1.83697e-18 0.0795
         vertex -0.0807612 -0.00382683 0.0795
      endloop
   endfacet
   facet normal 0.92388 -0.382683 0
      outer loop
         vertex -0.0807612 -0.00382683 0.07
         vertex -0.0807612 -0.00382683 0.0795
         vertex -0.0829289 -0.00707107 0.0795
      endloop
   endfacet
   facet normal 0.707107 -0.707107 0
      outer loop
         vertex -0.0829289 -0.00707107 0.07
         vertex -0.0829289 -0.00707107 0.0795
         vertex -0.0861732 -0.0092388 0.0795
      endloop
   endfacet
   facet normal 0.382683 -0.92388 0
      outer loop
         vertex -0.0861732 -0.0092388 0.07
         vertex -0.0861732 -0.0092388 0.0795
         vertex -0.09 -0.01 0.0795
      endloop
   endfacet
   facet normal 1.83697e-16 -1 0
      outer loop
         vertex -0.09 -0.01 0.07
         vertex -0.09 -0.01 0.0795
         vertex -0.0938268 -0.0092388 0.0795
      endloop
   endfacet
   facet normal -0.382683 -0.92388 0
      outer loop
         vertex -0.0938268 -0.0092388 0.07
         vertex -0.0938268 -0.0092388 0.0795
         vertex -0.0970711 -0.00707107 0.0795
      endloop
   endfacet
   facet normal -0.707107 -0.707107 0
      outer loop
         vertex -0.0970711 -0.00707107 0.07
         vertex -0.0970711 -0.00707107 0.0795
         vertex -0.0992388 -0.00382683 0.0795
      endloop
   endfacet
   facet normal -0.92388 -0.382683 0
      outer loop
         vertex -0.0992388 -0.00382683 0.07
         vertex -0.0992388 -0.00382683 0.0795
         vertex -0.1 -1.83697e-18 0.0795
      endloop
   endfacet
   facet normal -1 0 0
      outer loop
         vertex -0.1 -1.83697e-18 0.0795
         vertex -0.1 6.12323e-19 0.07
         vertex -0.0992388 -0.00382683 0.07
      endloop
   endfacet
   facet normal -0.92388 -0.382683 0
      outer loop
         vertex -0.0992388 -0.00382683 0.0795
         vertex -0.0992388 -0.00382683 0.07
         vertex -0.0970711 -0.00707107 0.07
      endloop
   endfacet
   facet normal -0.707107 -0.707107 0
      outer loop
         vertex -0.0970711 -0.00707107 0.0795
         vertex -0.0970711 -0.00707107 0.07
         vertex -0.0938268 -0.0092388 0.07
      endloop
   endfacet
   facet normal -0.382683 -0.92388 0
      outer loop
         vertex -0.0938268 -0.0092388 0.0795
         vertex -0.0938268 -0.0092388 0.07
         vertex -0.09 -0.01 0.07
      endloop
   endfacet
   facet normal 1.83697e-16 -1 0
      outer loop
         vertex -0.09 -0.01 0.0795
         vertex -0.09 -0.01 0.07
         vertex -0.0861732 -0.0092388 0.07
      endloop
   endfacet
   facet normal 0.382683 -0.92388 0
      outer loop
         vertex -0.0861732 -0.0092388 0.0795
         vertex -0.0861732 -0.0092388 0.07
         vertex -0.0829289 -0.00707107 0.07
      endloop
   endfacet
   facet normal 0.707107 -0.707107 0
      outer loop
         vertex -0.0829289 -0.00707107 0.0795
         vertex -0.0829289 -0.00707107 0.07
         vertex -0.0807612 -0.00382683 0.07
      endloop
   endfacet
   facet normal 0.92388 -0.382683 0
      outer loop
         vertex -0.0807612 -0.00382683 0.0795
         vertex -0.0807612 -0.00382683 0.07
         vertex -0.08 1.83697e-18 0.07
      endloop
   endfacet
   facet normal 1 1.22465e-16 0
      outer loop
         vertex -0.08 1.83697e-18 0.0795
         vertex -0.08 1.83697e-18 0.07
         vertex -0.0807612 0.00382683 0.07
      endloop
   endfacet
   facet normal 0.92388 0.382683 0
      outer loop
         vertex -0.0807612 0.00382683 0.0795
         vertex -0.0807612 0.00382683 0.07
         vertex -0.0829289 0.00707107 0.07
      endloop
   endfacet
   facet normal 0.707107 0.707107 0
      outer loop
         vertex -0.0829289 0.00707107 0.0795
         vertex -0.0829289 0.00707107 0.07
         vertex -0.0861732 0.0092388 0.07
      endloop
   endfacet
   facet normal 0.382683 0.92388 0
      outer loop
         vertex -0.0861732 0.0092388 0.0795
         vertex -0.0861732 0.0092388 0.07
         vertex -0.09 0.01 0.07
      endloop
   endfacet
   facet normal -6.12323e-17 1 0
      outer loop
         vertex -0.09 0.01 0.0795
         vertex -0.09 0.01 0.07
         vertex -0.0938268 0.0092388 0.07
      endloop
   endfacet
   facet normal -0.382683 0.92388 0
      outer loop
         vertex -0.0938268 0.0092388 0.0795
         vertex -0.0938268 0.0092388 0.07
         vertex -0.0970711 0.00707107 0.07
      endloop
   endfacet
   facet normal -0.707107 0.707107 0
      outer loop
         vertex -0.0970711 0.00707107 0.0795
         vertex -0.0970711 0.00707107 0.07
         vertex -0.0992388 0.00382683 0.07
      endloop
   endfacet
   facet normal -0.92388 0.382683 0
      outer loop
         vertex -0.0992388 0.00382683 0.0795
         vertex -0.0992388 0.00382683 0.07
         vertex -0.1 6.12323e-19 0.07
      endloop
   endfacet
   facet normal 0 0 1
      outer loop
         vertex -0.0699244 0.012 0.07
         vertex -0.1 0.012 0.07
         vertex -0.09 0.01 0.07
      endloop
   endfacet
   facet normal 0 0 1
      outer loop
         vertex -0.102 0.01 0.07
         vertex -0.0992388 0.00382683 0.07
         vertex -0.0970711 0.00707107 0.07
      endloop
   endfacet
   facet normal 0 0 1
      outer loop
         vertex -0.102 -0.01 0.07
         vertex -0.1 -0.012 0.07
         vertex -0.0970711 -0.00707107 0.07
      endloop
   endfacet
   facet normal 0 0 1
      outer loop
         vertex -0.1 -0.012 0.07
         vertex -0.09 -0.01 0.07
         vertex -0.0938268 -0.0092388 0.07
      endloop
   endfacet
   facet normal 0 0 1
      outer loop
         vertex -0.0699244 -0.012 0.07
         vertex -0.0861732 -0.0092388 0.07
         vertex -0.09 -0.01 0.07
      endloop
   endfacet
   facet normal 0 0 1
      outer loop
         vertex -0.0807612 0.00382683 0.07
         vertex -0.065 0.01 0.07
         vertex -0.0699244 0.012 0.07
      endloop
   endfacet
   facet normal 0 0 1
      outer loop
         vertex -0.1 0.012 0.07
         vertex -0.0938268 0.0092388 0.07
         vertex -0.09 0.01 0.07
      endloop
   endfacet
   facet normal 0 0 1
      outer loop
         vertex -0.0970711 0.00707107 0.07
         vertex -0.1 0.012 0.07
         vertex -0.102 0.01 0.07
      endloop
   endfacet
   facet normal 0 0 1
      outer loop
         vertex -0.0938268 -0.0092388 0.07
         vertex -0.0970711 -0.00707107 0.07
         vertex -0.1 -0.012 0.07
      endloop
   endfacet
   facet normal 0 0 1
      outer loop
         vertex -0.0699244 -0.012 0.07
         vertex -0.0829289 -0.00707107 0.07
         vertex -0.0861732 -0.0092388 0.07
      endloop
   endfacet
   facet normal 0 0 1
      outer loop
         vertex -0.0807612 -0.00382683 0.07
         vertex -0.0829289 -0.00707107 0.07
         vertex -0.0699244 -0.012 0.07
      endloop
   endfacet
   facet normal 0 0 1
      outer loop
         vertex -0.0699244 0.012 0.07
         vertex -0.0861732 0.0092388 0.07
         vertex -0.0829289 0.00707107 0.07
      endloop
   endfacet
   facet normal 0 0 1
      outer loop
         vertex -0.0970711 0.00707107 0.07
         vertex -0.0938268 0.0092388 0.07
         vertex -0.1 0.012 0.07
      endloop
   endfacet
   facet normal 0 0 1
      outer loop
         vertex -0.102 0.01 0.07
         vertex -0.102 -0.01 0.07
         vertex -0.1 6.12323e-19 0.07
      endloop
   endfacet
   facet normal 0 0 1
      outer loop
         vertex -0.09 -0.01 0.07
         vertex -0.1 -0.012 0.07
         vertex -0.0699244 -0.012 0.07
      endloop
   endfacet
   facet normal 0 0 1
      outer loop
         vertex -0.065 -0.01 0.07
         vertex -0.08 1.83697e-18 0.07
         vertex -0.0807612 -0.00382683 0.07
      endloop
   endfacet
   facet normal 0 0 1
      outer loop
         vertex -0.065 0.01 0.07
         vertex -0.0807612 0.00382683 0.07
         vertex -0.08 1.83697e-18 0.07
      endloop
   endfacet
   facet normal 0 0 1
      outer loop
         vertex -0.09 0.01 0.07
         vertex -0.0861732 0.0092388 0.07
         vertex -0.0699244 0.012 0.07
      endloop
   endfacet
   facet normal 0 0 1
      outer loop
         vertex -0.102 -0.01 0.07
         vertex -0.0992388 -0.00382683 0.07
         vertex -0.1 6.12323e-19 0.07
      endloop
   endfacet
   facet normal 0 0 1
      outer loop
         vertex -0.0699244 -0.012 0.07
         vertex -0.065 -0.01 0.07
         vertex -0.0807612 -0.00382683 0.07
      endloop
   endfacet
   facet normal 0 0 1
      outer loop
         vertex -0.0699244 0.012 0.07
         vertex -0.0829289 0.00707107 0.07
         vertex -0.0807612 0.00382683 0.07
      endloop
   endfacet
   facet normal 0 0 1
      outer loop
         vertex -0.0970711 -0.00707107 0.07
         vertex -0.0992388 -0.00382683 0.07
         vertex -0.102 -0.01 0.07
      endloop
   endfacet
   facet normal 0 0 1
      outer loop
         vertex -0.1 6.12323e-19 0.07
         vertex -0.0992388 0.00382683 0.07
         vertex -0.102 0.01 0.07
      endloop
   endfacet
   facet normal 0 0 1
      outer loop
         vertex -0.08 1.83697e-18 0.07
         vertex -0.065 -0.01 0.07
         vertex -0.065 0.01 0.07
      endloop
   endfacet
   facet normal 0.406138 -3.84293e-17 0.913812
      outer loop
         vertex -0.065 -0.01 0.07
         vertex 0.0101535 -0.01 0.0365985
         vertex 0.0101535 0.01 0.0365985
      endloop
   endfacet
   facet normal 0.406138 -3.84293e-17 0.913812
      outer loop
         vertex 0.0101535 0.01 0.0365985
         vertex -0.065 0.01 0.07
         vertex -0.065 -0.01 0.07
      endloop
   endfacet
   facet normal 0.287183 0.707107 0.646162
      outer loop
         vertex 0.00934118 0.012 0.0347708
         vertex -0.0699244 0.012 0.07
         vertex -0.065 0.01 0.07
      endloop
   endfacet
   facet normal 0.287183 0.707107 0.646162
      outer loop
         vertex -0.065 0.01 0.07
         vertex 0.0101535 0.01 0.0365985
         vertex 0.00934118 0.012 0.0347708
      endloop
   endfacet
   facet normal 0.707107 0.707107 0
      outer loop
         vertex 0.025 0.01 0.0137532
         vertex 0.023 0.012 0.0137532
         vertex 0.0213233 0.012 0.0223738
      endloop
   endfacet
   facet normal 0.65556 0.707107 0.26503
      outer loop
         vertex 0.0231776 0.01 0.0231234
         vertex 0.0213233 0.012 0.0223738
         vertex 0.0165378 0.012 0.0297375
      endloop
   endfacet
   facet normal 0.508436 0.707107 0.49142
      outer loop
         vertex 0.0179759 0.01 0.0311275
         vertex 0.0165378 0.012 0.0297375
         vertex 0.00934118 0.012 0.0347708
      endloop
   endfacet
   facet normal 0.287183 0.707107 0.646162
      outer loop
         vertex 0.00934118 0.012 0.0347708
         vertex 0.0101535 0.01 0.0365985
         vertex 0.0179759 0.01 0.0311275
      endloop
   endfacet
   facet normal 0.508436 0.707107 0.49142
      outer loop
         vertex 0.0165378 0.012 0.0297375
         vertex 0.0179759 0.01 0.0311275
         vertex 0.0231776 0.01 0.0231234
      endloop
   endfacet
   facet normal 0.65556 0.707107 0.26503
      outer loop
         vertex 0.0213233 0.012 0.0223738
         vertex 0.0231776 0.01 0.0231234
         vertex 0.025 0.01 0.0137532
      endloop
   endfacet
   facet normal -0.707107 0.707107 0
      outer loop
         vertex -0.1 0.012 0.07
         vertex -0.1 0.012 -0.02
         vertex -0.102 0.01 -0.02
      endloop
   endfacet
   facet normal -0.707107 0.707107 0
      outer loop
         vertex -0.102 0.01 -0.02
         vertex -0.102 0.01 0.07
         vertex -0.1 0.012 0.07
      endloop
   endfacet
   facet normal -0.707107 -0.707107 0
      outer loop
         vertex -0.1 -0.012 -0.02
         vertex -0.1 -0.012 0.07
         vertex -0.102 -0.01 0.07
      endloop
   endfacet
   facet normal -0.707107 -0.707107 0
      outer loop
         vertex -0.102 -0.01 0.07
         vertex -0.102 -0.01 -0.02
         vertex -0.1 -0.012 -0.02
      endloop
   endfacet
   facet normal 0.287183 -0.707107 0.646162
      outer loop
         vertex 0.00934118 -0.012 0.0347708
         vertex 0.0101535 -0.01 0.0365985
         vertex -0.065 -0.01 0.07
      endloop
   endfacet
   facet normal 0.287183 -0.707107 0.646162
      outer loop
         vertex -0.065 -0.01 0.07
         vertex -0.0699244 -0.012 0.07
         vertex 0.00934118 -0.012 0.0347708
      endloop
   endfacet
   facet normal 0.406138 -3.84293e-17 0.913812
      outer loop
         vertex 0.0101535 0.01 0.0365985
         vertex 0.0101535 -0.01 0.0365985
         vertex 0.0179759 -0.01 0.0311275
      endloop
   endfacet
   facet normal 0.719037 -6.80362e-17 0.694972
      outer loop
         vertex 0.0179759 0.01 0.0311275
         vertex 0.0179759 -0.01 0.0311275
         vertex 0.0231776 -0.01 0.0231234
      endloop
   endfacet
   facet normal 0.927102 -8.77236e-17 0.374809
      outer loop
         vertex 0.0231776 0.01 0.0231234
         vertex 0.0231776 -0.01 0.0231234
         vertex 0.025 -0.01 0.0137532
      endloop
   endfacet
   facet normal 1 -9.46213e-17 1.22465e-16
      outer loop
         vertex 0.025 -0.01 0.0137532
         vertex 0.025 0.01 0.0137532
         vertex 0.0231776 0.01 0.0231234
      endloop
   endfacet
   facet normal 0.927102 -8.77236e-17 0.374809
      outer loop
         vertex 0.0231776 -0.01 0.0231234
         vertex 0.0231776 0.01 0.0231234
         vertex 0.0179759 0.01 0.0311275
      endloop
   endfacet
   facet normal 0.719037 -6.80362e-17 0.694972
      outer loop
         vertex 0.0179759 -0.01 0.0311275
         vertex 0.0179759 0.01 0.0311275
         vertex 0.0101535 0.01 0.0365985
      endloop
   endfacet
   facet normal 0.707107 0.707107 0
      outer loop
         vertex 0.023 0.012 0.0137532
         vertex 0.025 0.01 0.0137532
         vertex 0.025 0.01 -0.02
      endloop
   endfacet
   facet normal 0.707107 0.707107 0
      outer loop
         vertex 0.025 0.01 -0.02
         vertex 0.023 0.012 -0.02
         vertex 0.023 0.012 0.0137532
      endloop
   endfacet
   facet normal 0.287183 -0.707107 0.646162
      outer loop
         vertex 0.0101535 -0.01 0.0365985
         vertex 0.00934118 -0.012 0.0347708
         vertex 0.0165378 -0.012 0.0297375
      endloop
   endfacet
   facet normal 0.508436 -0.707107 0.49142
      outer loop
         vertex 0.0179759 -0.01 0.0311275
         vertex 0.0165378 -0.012 0.0297375
         vertex 0.0213233 -0.012 0.0223738
      endloop
   endfacet
   facet normal 0.65556 -0.707107 0.26503
      outer loop
         vertex 0.0231776 -0.01 0.0231234
         vertex 0.0213233 -0.012 0.0223738
         vertex 0.023 -0.012 0.0137532
      endloop
   endfacet
   facet normal 0.707107 -0.707107 1.66533e-16
      outer loop
         vertex 0.023 -0.012 0.0137532
         vertex 0.025 -0.01 0.0137532
         vertex 0.0231776 -0.01 0.0231234
      endloop
   endfacet
   facet normal 0.65556 -0.707107 0.26503
      outer loop
         vertex 0.0213233 -0.012 0.0223738
         vertex 0.0231776 -0.01 0.0231234
         vertex 0.0179759 -0.01 0.0311275
      endloop
   endfacet
   facet normal 0.508436 -0.707107 0.49142
      outer loop
         vertex 0.0165378 -0.012 0.0297375
         vertex 0.0179759 -0.01 0.0311275
         vertex 0.0101535 -0.01 0.0365985
      endloop
   endfacet
   facet normal 0.707107 -0.707107 1.66533e-16
      outer loop
         vertex 0.025 -0.01 -0.02
         vertex 0.025 -0.01 0.0137532
         vertex 0.023 -0.012 0.0137532
      endloop
   endfacet
   facet normal 0.707107 -0.707107 1.66533e-16
      outer loop
         vertex 0.023 -0.012 0.0137532
         vertex 0.023 -0.012 -0.02
         vertex 0.025 -0.01 -0.02
      endloop
   endfacet
   facet normal 0.707107 0.707107 -1.29893e-16
      outer loop
         vertex 0.025 0.01 -0.02
         vertex 0.025 0.0109134 -0.0245922
         vertex 0.023 0.0127612 -0.0238268
      endloop
   endfacet
   facet normal 0.707107 0.653281 0.270598
      outer loop
         vertex 0.025 0.0109134 -0.0245922
         vertex 0.025 0.0135147 -0.0284853
         vertex 0.023 0.0149289 -0.0270711
      endloop
   endfacet
   facet normal 0.707107 0.5 0.5
      outer loop
         vertex 0.025 0.0135147 -0.0284853
         vertex 0.025 0.0174078 -0.0310866
         vertex 0.023 0.0181732 -0.0292388
      endloop
   endfacet
   facet normal 0.707107 0.270598 0.653281
      outer loop
         vertex 0.025 0.0174078 -0.0310866
         vertex 0.025 0.022 -0.032
         vertex 0.023 0.022 -0.03
      endloop
   endfacet
   facet normal 0.707107 1.25934e-16 0.707107
      outer loop
         vertex 0.023 0.022 -0.03
         vertex 0.023 0.0181732 -0.0292388
         vertex 0.025 0.0174078 -0.0310866
      endloop
   endfacet
   facet normal 0.707107 0.270598 0.653281
      outer loop
         vertex 0.023 0.0181732 -0.0292388
         vertex 0.023 0.0149289 -0.0270711
         vertex 0.025 0.0135147 -0.0284853
      endloop
   endfacet
   facet normal 0.707107 0.5 0.5
      outer loop
         vertex 0.023 0.0149289 -0.0270711
         vertex 0.023 0.0127612 -0.0238268
         vertex 0.025 0.0109134 -0.0245922
      endloop
   endfacet
   facet normal 0.707107 0.653281 0.270598
      outer loop
         vertex 0.023 0.0127612 -0.0238268
         vertex 0.023 0.012 -0.02
         vertex 0.025 0.01 -0.02
      endloop
   endfacet
   facet normal 0 0.92388 0.382683
      outer loop
         vertex -0.1 0.0127612 -0.0238268
         vertex -0.1 0.012 -0.02
         vertex 0.023 0.012 -0.02
      endloop
   endfacet
   facet normal 0 0.707107 0.707107
      outer loop
         vertex -0.1 0.0149289 -0.0270711
         vertex -0.1 0.0127612 -0.0238268
         vertex 0.023 0.0127612 -0.0238268
      endloop
   endfacet
   facet normal 0 0.382683 0.92388
      outer loop
         vertex -0.1 0.0181732 -0.0292388
         vertex -0.1 0.0149289 -0.0270711
         vertex 0.023 0.0149289 -0.0270711
      endloop
   endfacet
   facet normal 0 -1.22465e-16 1
      outer loop
         vertex -0.1 0.022 -0.03
         vertex -0.1 0.0181732 -0.0292388
         vertex 0.023 0.0181732 -0.0292388
      endloop
   endfacet
   facet normal 0 0.382683 0.92388
      outer loop
         vertex 0.023 0.0181732 -0.0292388
         vertex 0.023 0.022 -0.03
         vertex -0.1 0.022 -0.03
      endloop
   endfacet
   facet normal 0 0.707107 0.707107
      outer loop
         vertex 0.023 0.0149289 -0.0270711
         vertex 0.023 0.0181732 -0.0292388
         vertex -0.1 0.0181732 -0.0292388
      endloop
   endfacet
   facet normal 0 0.92388 0.382683
      outer loop
         vertex 0.023 0.0127612 -0.0238268
         vertex 0.023 0.0149289 -0.0270711
         vertex -0.1 0.0149289 -0.0270711
      endloop
   endfacet
   facet normal 0 1 1.83697e-16
      outer loop
         vertex 0.023 0.012 -0.02
         vertex 0.023 0.0127612 -0.0238268
         vertex -0.1 0.0127612 -0.0238268
      endloop
   endfacet
   facet normal 0.707107 -6.69073e-17 0.707107
      outer loop
         vertex 0.025 0.04 -0.032
         vertex 0.023 0.04 -0.03
         vertex 0.023 0.022 -0.03
      endloop
   endfacet
   facet normal 0.707107 -6.69073e-17 0.707107
      outer loop
         vertex 0.023 0.022 -0.03
         vertex 0.025 0.022 -0.032
         vertex 0.025 0.04 -0.032
      endloop
   endfacet
   facet normal -0.707107 -8.65956e-17 0.707107
      outer loop
         vertex -0.102 0.022 -0.032
         vertex -0.102 0.0174078 -0.0310866
         vertex -0.1 0.0181732 -0.0292388
      endloop
   endfacet
   facet normal -0.707107 0.270598 0.653281
      outer loop
         vertex -0.102 0.0174078 -0.0310866
         vertex -0.102 0.0135147 -0.0284853
         vertex -0.1 0.0149289 -0.0270711
      endloop
   endfacet
   facet normal -0.707107 0.5 0.5
      outer loop
         vertex -0.102 0.0135147 -0.0284853
         vertex -0.102 0.0109134 -0.0245922
         vertex -0.1 0.0127612 -0.0238268
      endloop
   endfacet
   facet normal -0.707107 0.653281 0.270598
      outer loop
         vertex -0.102 0.0109134 -0.0245922
         vertex -0.102 0.01 -0.02
         vertex -0.1 0.012 -0.02
      endloop
   endfacet
   facet normal -0.707107 0.707107 -7.85046e-17
      outer loop
         vertex -0.1 0.012 -0.02
         vertex -0.1 0.0127612 -0.0238268
         vertex -0.102 0.0109134 -0.0245922
      endloop
   endfacet
   facet normal -0.707107 0.653281 0.270598
      outer loop
         vertex -0.1 0.0127612 -0.0238268
         vertex -0.1 0.0149289 -0.0270711
         vertex -0.102 0.0135147 -0.0284853
      endloop
   endfacet
   facet normal -0.707107 0.5 0.5
      outer loop
         vertex -0.1 0.0149289 -0.0270711
         vertex -0.1 0.0181732 -0.0292388
         vertex -0.102 0.0174078 -0.0310866
      endloop
   endfacet
   facet normal -0.707107 0.270598 0.653281
      outer loop
         vertex -0.1 0.0181732 -0.0292388
         vertex -0.1 0.022 -0.03
         vertex -0.102 0.022 -0.032
      endloop
   endfacet
   facet normal -0.707107 -8.65956e-17 0.707107
      outer loop
         vertex -0.102 0.022 -0.032
         vertex -0.1 0.022 -0.03
         vertex -0.1 0.04 -0.03
      endloop
   endfacet
   facet normal -0.707107 -8.65956e-17 0.707107
      outer loop
         vertex -0.1 0.04 -0.03
         vertex -0.102 0.04 -0.032
         vertex -0.102 0.022 -0.032
      endloop
   endfacet
   facet normal -4.32978e-17 0.707107 0.707107
      outer loop
         vertex 0.01 0.055 -0.032
         vertex 0.01 0.053 -0.03
         vertex 0.0149749 0.0520104 -0.03
      endloop
   endfacet
   facet normal 0.270598 0.653281 0.707107
      outer loop
         vertex 0.0157403 0.0538582 -0.032
         vertex 0.0149749 0.0520104 -0.03
         vertex 0.0191924 0.0491924 -0.03
      endloop
   endfacet
   facet normal 0.5 0.5 0.707107
      outer loop
         vertex 0.0206066 0.0506066 -0.032
         vertex 0.0191924 0.0491924 -0.03
         vertex 0.0220104 0.0449749 -0.03
      endloop
   endfacet
   facet normal 0.653281 0.270598 0.707107
      outer loop
         vertex 0.0238582 0.0457403 -0.032
         vertex 0.0220104 0.0449749 -0.03
         vertex 0.023 0.04 -0.03
      endloop
   endfacet
   facet normal 0.707107 -7.85046e-17 0.707107
      outer loop
         vertex 0.023 0.04 -0.03
         vertex 0.025 0.04 -0.032
         vertex 0.0238582 0.0457403 -0.032
      endloop
   endfacet
   facet normal 0.653281 0.270598 0.707107
      outer loop
         vertex 0.0220104 0.0449749 -0.03
         vertex 0.0238582 0.0457403 -0.032
         vertex 0.0206066 0.0506066 -0.032
      endloop
   endfacet
   facet normal 0.5 0.5 0.707107
      outer loop
         vertex 0.0191924 0.0491924 -0.03
         vertex 0.0206066 0.0506066 -0.032
         vertex 0.0157403 0.0538582 -0.032
      endloop
   endfacet
   facet normal 0.270598 0.653281 0.707107
      outer loop
         vertex 0.0149749 0.0520104 -0.03
         vertex 0.0157403 0.0538582 -0.032
         vertex 0.01 0.055 -0.032
      endloop
   endfacet
   facet normal 1 0 0
      outer loop
         vertex 0.025 0.04 -0.032
         vertex 0.025 0.04 -0.042
         vertex 0.0238582 0.0457403 -0.042
      endloop
   endfacet
   facet normal 0.92388 0.382683 0
      outer loop
         vertex 0.0238582 0.0457403 -0.032
         vertex 0.0238582 0.0457403 -0.042
         vertex 0.0206066 0.0506066 -0.042
      endloop
   endfacet
   facet normal 0.707107 0.707107 0
      outer loop
         vertex 0.0206066 0.0506066 -0.032
         vertex 0.0206066 0.0506066 -0.042
         vertex 0.0157403 0.0538582 -0.042
      endloop
   endfacet
   facet normal 0.382683 0.92388 0
      outer loop
         vertex 0.0157403 0.0538582 -0.032
         vertex 0.0157403 0.0538582 -0.042
         vertex 0.01 0.055 -0.042
      endloop
   endfacet
   facet normal 6.12323e-17 1 0
      outer loop
         vertex 0.01 0.055 -0.042
         vertex 0.01 0.055 -0.032
         vertex 0.0157403 0.0538582 -0.032
      endloop
   endfacet
   facet normal 0.382683 0.92388 0
      outer loop
         vertex 0.0157403 0.0538582 -0.042
         vertex 0.0157403 0.0538582 -0.032
         vertex 0.0206066 0.0506066 -0.032
      endloop
   endfacet
   facet normal 0.707107 0.707107 0
      outer loop
         vertex 0.0206066 0.0506066 -0.042
         vertex 0.0206066 0.0506066 -0.032
         vertex 0.0238582 0.0457403 -0.032
      endloop
   endfacet
   facet normal 0.92388 0.382683 0
      outer loop
         vertex 0.0238582 0.0457403 -0.042
         vertex 0.0238582 0.0457403 -0.032
         vertex 0.025 0.04 -0.032
      endloop
   endfacet
   facet normal 6.12323e-17 1 0
      outer loop
         vertex 0.0047481 0.055 -0.032
         vertex 0.01 0.055 -0.032
         vertex 0.01 0.055 -0.042
      endloop
   endfacet
   facet normal 6.12323e-17 1 0
      outer loop
         vertex 0.01 0.055 -0.042
         vertex 0.0047481 0.055 -0.042
         vertex 0.0047481 0.055 -0.032
      endloop
   endfacet
   facet normal 0 0.707107 0.707107
      outer loop
         vertex 0.0047481 0.053 -0.03
         vertex 0.01 0.053 -0.03
         vertex 0.01 0.055 -0.032
      endloop
   endfacet
   facet normal 0 0.707107 0.707107
      outer loop
         vertex 0.01 0.055 -0.032
         vertex 0.0047481 0.055 -0.032
         vertex 0.0047481 0.053 -0.03
      endloop
   endfacet
   facet normal -0.913812 0.406138 0
      outer loop
         vertex -0.00895908 0.0460921 -0.042
         vertex -0.00895908 0.0460921 -0.032
         vertex -0.00567649 0.0507855 -0.032
      endloop
   endfacet
   facet normal -0.694972 0.719037 0
      outer loop
         vertex -0.00567649 0.0507855 -0.042
         vertex -0.00567649 0.0507855 -0.032
         vertex -0.000874038 0.0539065 -0.032
      endloop
   endfacet
   facet normal -0.374809 0.927102 0
      outer loop
         vertex -0.000874038 0.0539065 -0.042
         vertex -0.000874038 0.0539065 -0.032
         vertex 0.0047481 0.055 -0.032
      endloop
   endfacet
   facet normal -6.12323e-17 1 0
      outer loop
         vertex 0.0047481 0.055 -0.032
         vertex 0.0047481 0.055 -0.042
         vertex -0.000874038 0.0539065 -0.042
      endloop
   endfacet
   facet normal -0.374809 0.927102 0
      outer loop
         vertex -0.000874038 0.0539065 -0.032
         vertex -0.000874038 0.0539065 -0.042
         vertex -0.00567649 0.0507855 -0.042
      endloop
   endfacet
   facet normal -0.694972 0.719037 0
      outer loop
         vertex -0.00567649 0.0507855 -0.032
         vertex -0.00567649 0.0507855 -0.042
         vertex -0.00895908 0.0460921 -0.042
      endloop
   endfacet
   facet normal -0.646162 0.287183 0.707107
      outer loop
         vertex -0.00895908 0.0460921 -0.032
         vertex -0.00713145 0.0452798 -0.03
         vertex -0.00428654 0.0493475 -0.03
      endloop
   endfacet
   facet normal -0.49142 0.508436 0.707107
      outer loop
         vertex -0.00567649 0.0507855 -0.032
         vertex -0.00428654 0.0493475 -0.03
         vertex -0.00012442 0.0520523 -0.03
      endloop
   endfacet
   facet normal -0.26503 0.65556 0.707107
      outer loop
         vertex -0.000874038 0.0539065 -0.032
         vertex -0.00012442 0.0520523 -0.03
         vertex 0.0047481 0.053 -0.03
      endloop
   endfacet
   facet normal 2.77556e-16 0.707107 0.707107
      outer loop
         vertex 0.0047481 0.053 -0.03
         vertex 0.0047481 0.055 -0.032
         vertex -0.000874038 0.0539065 -0.032
      endloop
   endfacet
   facet normal -0.26503 0.65556 0.707107
      outer loop
         vertex -0.00012442 0.0520523 -0.03
         vertex -0.000874038 0.0539065 -0.032
         vertex -0.00567649 0.0507855 -0.032
      endloop
   endfacet
   facet normal -0.49142 0.508436 0.707107
      outer loop
         vertex -0.00428654 0.0493475 -0.03
         vertex -0.00567649 0.0507855 -0.032
         vertex -0.00895908 0.0460921 -0.032
      endloop
   endfacet
   facet normal -0.913812 0.406138 0
      outer loop
         vertex -0.0130409 0.0369079 -0.032
         vertex -0.00895908 0.0460921 -0.032
         vertex -0.00895908 0.0460921 -0.042
      endloop
   endfacet
   facet normal -0.913812 0.406138 0
      outer loop
         vertex -0.00895908 0.0460921 -0.042
         vertex -0.0130409 0.0369079 -0.042
         vertex -0.0130409 0.0369079 -0.032
      endloop
   endfacet
   facet normal -0.646162 0.287183 0.707107
      outer loop
         vertex -0.00895908 0.0460921 -0.032
         vertex -0.0130409 0.0369079 -0.032
         vertex -0.0112133 0.0360956 -0.03
      endloop
   endfacet
   facet normal -0.646162 0.287183 0.707107
      outer loop
         vertex -0.0112133 0.0360956 -0.03
         vertex -0.00713145 0.0452798 -0.03
         vertex -0.00895908 0.0460921 -0.032
      endloop
   endfacet
   facet normal -0.374809 0.927102 0
      outer loop
         vertex -0.021126 0.0290935 -0.042
         vertex -0.0267481 0.028 -0.042
         vertex -0.0267481 0.028 -0.032
      endloop
   endfacet
   facet normal -0.694972 0.719037 0
      outer loop
         vertex -0.0163235 0.0322145 -0.042
         vertex -0.021126 0.0290935 -0.042
         vertex -0.021126 0.0290935 -0.032
      endloop
   endfacet
   facet normal -0.913812 0.406138 0
      outer loop
         vertex -0.0130409 0.0369079 -0.042
         vertex -0.0163235 0.0322145 -0.042
         vertex -0.0163235 0.0322145 -0.032
      endloop
   endfacet
   facet normal -0.694972 0.719037 0
      outer loop
         vertex -0.0163235 0.0322145 -0.032
         vertex -0.0130409 0.0369079 -0.032
         vertex -0.0130409 0.0369079 -0.042
      endloop
   endfacet
   facet normal -0.374809 0.927102 0
      outer loop
         vertex -0.021126 0.0290935 -0.032
         vertex -0.0163235 0.0322145 -0.032
         vertex -0.0163235 0.0322145 -0.042
      endloop
   endfacet
   facet normal -1.83697e-16 1 0
      outer loop
         vertex -0.0267481 0.028 -0.032
         vertex -0.021126 0.0290935 -0.032
         vertex -0.021126 0.0290935 -0.042
      endloop
   endfacet
   facet normal 1.29893e-16 0.707107 0.707107
      outer loop
         vertex -0.0267481 0.026 -0.03
         vertex -0.0203763 0.0272393 -0.03
         vertex -0.021126 0.0290935 -0.032
      endloop
   endfacet
   facet normal -0.26503 0.65556 0.707107
      outer loop
         vertex -0.0203763 0.0272393 -0.03
         vertex -0.0149336 0.0307764 -0.03
         vertex -0.0163235 0.0322145 -0.032
      endloop
   endfacet
   facet normal -0.49142 0.508436 0.707107
      outer loop
         vertex -0.0149336 0.0307764 -0.03
         vertex -0.0112133 0.0360956 -0.03
         vertex -0.0130409 0.0369079 -0.032
      endloop
   endfacet
   facet normal -0.646162 0.287183 0.707107
      outer loop
         vertex -0.0130409 0.0369079 -0.032
         vertex -0.0163235 0.0322145 -0.032
         vertex -0.0149336 0.0307764 -0.03
      endloop
   endfacet
   facet normal -0.49142 0.508436 0.707107
      outer loop
         vertex -0.0163235 0.0322145 -0.032
         vertex -0.021126 0.0290935 -0.032
         vertex -0.0203763 0.0272393 -0.03
      endloop
   endfacet
   facet normal -0.26503 0.65556 0.707107
      outer loop
         vertex -0.021126 0.0290935 -0.032
         vertex -0.0267481 0.028 -0.032
         vertex -0.0267481 0.026 -0.03
      endloop
   endfacet
   facet normal -1.6137e-16 1 0
      outer loop
         vertex -0.0502519 0.028 -0.032
         vertex -0.0267481 0.028 -0.032
         vertex -0.0267481 0.028 -0.042
      endloop
   endfacet
   facet normal -1.6137e-16 1 0
      outer loop
         vertex -0.0267481 0.028 -0.042
         vertex -0.0502519 0.028 -0.042
         vertex -0.0502519 0.028 -0.032
      endloop
   endfacet
   facet normal 1.29893e-16 0.707107 0.707107
      outer loop
         vertex -0.0267481 0.026 -0.03
         vertex -0.0267481 0.028 -0.032
         vertex -0.0502519 0.028 -0.032
      endloop
   endfacet
   facet normal 1.29893e-16 0.707107 0.707107
      outer loop
         vertex -0.0502519 0.028 -0.032
         vertex -0.0502519 0.026 -0.03
         vertex -0.0267481 0.026 -0.03
      endloop
   endfacet
   facet normal 0.694972 0.719037 0
      outer loop
         vertex -0.0606765 0.0322145 -0.042
         vertex -0.0639591 0.0369079 -0.042
         vertex -0.0639591 0.0369079 -0.032
      endloop
   endfacet
   facet normal 0.374809 0.927102 0
      outer loop
         vertex -0.055874 0.0290935 -0.042
         vertex -0.0606765 0.0322145 -0.042
         vertex -0.0606765 0.0322145 -0.032
      endloop
   endfacet
   facet normal -1.83697e-16 1 0
      outer loop
         vertex -0.0502519 0.028 -0.042
         vertex -0.055874 0.0290935 -0.042
         vertex -0.055874 0.0290935 -0.032
      endloop
   endfacet
   facet normal 0.374809 0.927102 0
      outer loop
         vertex -0.055874 0.0290935 -0.032
         vertex -0.0502519 0.028 -0.032
         vertex -0.0502519 0.028 -0.042
      endloop
   endfacet
   facet normal 0.694972 0.719037 0
      outer loop
         vertex -0.0606765 0.0322145 -0.032
         vertex -0.055874 0.0290935 -0.032
         vertex -0.055874 0.0290935 -0.042
      endloop
   endfacet
   facet normal 0.913812 0.406138 0
      outer loop
         vertex -0.0639591 0.0369079 -0.032
         vertex -0.0606765 0.0322145 -0.032
         vertex -0.0606765 0.0322145 -0.042
      endloop
   endfacet
   facet normal 0.646162 0.287183 0.707107
      outer loop
         vertex -0.0657867 0.0360956 -0.03
         vertex -0.0620664 0.0307764 -0.03
         vertex -0.0606765 0.0322145 -0.032
      endloop
   endfacet
   facet normal 0.49142 0.508436 0.707107
      outer loop
         vertex -0.0620664 0.0307764 -0.03
         vertex -0.0566237 0.0272393 -0.03
         vertex -0.055874 0.0290935 -0.032
      endloop
   endfacet
   facet normal 0.26503 0.65556 0.707107
      outer loop
         vertex -0.0566237 0.0272393 -0.03
         vertex -0.0502519 0.026 -0.03
         vertex -0.0502519 0.028 -0.032
      endloop
   endfacet
   facet normal 2.22045e-16 0.707107 0.707107
      outer loop
         vertex -0.0502519 0.028 -0.032
         vertex -0.055874 0.0290935 -0.032
         vertex -0.0566237 0.0272393 -0.03
      endloop
   endfacet
   facet normal 0.26503 0.65556 0.707107
      outer loop
         vertex -0.055874 0.0290935 -0.032
         vertex -0.0606765 0.0322145 -0.032
         vertex -0.0620664 0.0307764 -0.03
      endloop
   endfacet
   facet normal 0.49142 0.508436 0.707107
      outer loop
         vertex -0.0606765 0.0322145 -0.032
         vertex -0.0639591 0.0369079 -0.032
         vertex -0.0657867 0.0360956 -0.03
      endloop
   endfacet
   facet normal 0.913812 0.406138 0
      outer loop
         vertex -0.0680409 0.0460921 -0.032
         vertex -0.0639591 0.0369079 -0.032
         vertex -0.0639591 0.0369079 -0.042
      endloop
   endfacet
   facet normal 0.913812 0.406138 0
      outer loop
         vertex -0.0639591 0.0369079 -0.042
         vertex -0.0680409 0.0460921 -0.042
         vertex -0.0680409 0.0460921 -0.032
      endloop
   endfacet
   facet normal 0.646162 0.287183 0.707107
      outer loop
         vertex -0.0657867 0.0360956 -0.03
         vertex -0.0639591 0.0369079 -0.032
         vertex -0.0680409 0.0460921 -0.032
      endloop
   endfacet
   facet normal 0.646162 0.287183 0.707107
      outer loop
         vertex -0.0680409 0.0460921 -0.032
         vertex -0.0698685 0.0452798 -0.03
         vertex -0.0657867 0.0360956 -0.03
      endloop
   endfacet
   facet normal -6.12323e-17 1 0
      outer loop
         vertex -0.0817481 0.055 -0.042
         vertex -0.0817481 0.055 -0.032
         vertex -0.076126 0.0539065 -0.032
      endloop
   endfacet
   facet normal 0.374809 0.927102 0
      outer loop
         vertex -0.076126 0.0539065 -0.042
         vertex -0.076126 0.0539065 -0.032
         vertex -0.0713235 0.0507855 -0.032
      endloop
   endfacet
   facet normal 0.694972 0.719037 0
      outer loop
         vertex -0.0713235 0.0507855 -0.042
         vertex -0.0713235 0.0507855 -0.032
         vertex -0.0680409 0.0460921 -0.032
      endloop
   endfacet
   facet normal 0.913812 0.406138 0
      outer loop
         vertex -0.0680409 0.0460921 -0.032
         vertex -0.0680409 0.0460921 -0.042
         vertex -0.0713235 0.0507855 -0.042
      endloop
   endfacet
   facet normal 0.694972 0.719037 0
      outer loop
         vertex -0.0713235 0.0507855 -0.032
         vertex -0.0713235 0.0507855 -0.042
         vertex -0.076126 0.0539065 -0.042
      endloop
   endfacet
   facet normal 0.374809 0.927102 0
      outer loop
         vertex -0.076126 0.0539065 -0.032
         vertex -0.076126 0.0539065 -0.042
         vertex -0.0817481 0.055 -0.042
      endloop
   endfacet
   facet normal -4.32978e-17 0.707107 0.707107
      outer loop
         vertex -0.0817481 0.055 -0.032
         vertex -0.0817481 0.053 -0.03
         vertex -0.0768756 0.0520523 -0.03
      endloop
   endfacet
   facet normal 0.26503 0.65556 0.707107
      outer loop
         vertex -0.076126 0.0539065 -0.032
         vertex -0.0768756 0.0520523 -0.03
         vertex -0.0727135 0.0493475 -0.03
      endloop
   endfacet
   facet normal 0.49142 0.508436 0.707107
      outer loop
         vertex -0.0713235 0.0507855 -0.032
         vertex -0.0727135 0.0493475 -0.03
         vertex -0.0698685 0.0452798 -0.03
      endloop
   endfacet
   facet normal 0.646162 0.287183 0.707107
      outer loop
         vertex -0.0698685 0.0452798 -0.03
         vertex -0.0680409 0.0460921 -0.032
         vertex -0.0713235 0.0507855 -0.032
      endloop
   endfacet
   facet normal 0.49142 0.508436 0.707107
      outer loop
         vertex -0.0727135 0.0493475 -0.03
         vertex -0.0713235 0.0507855 -0.032
         vertex -0.076126 0.0539065 -0.032
      endloop
   endfacet
   facet normal 0.26503 0.65556 0.707107
      outer loop
         vertex -0.0768756 0.0520523 -0.03
         vertex -0.076126 0.0539065 -0.032
         vertex -0.0817481 0.055 -0.032
      endloop
   endfacet
   facet normal -1.63551e-16 0.707107 0.707107
      outer loop
         vertex -0.087 0.055 -0.032
         vertex -0.087 0.053 -0.03
         vertex -0.0817481 0.053 -0.03
      endloop
   endfacet
   facet normal -1.63551e-16 0.707107 0.707107
      outer loop
         vertex -0.0817481 0.053 -0.03
         vertex -0.0817481 0.055 -0.032
         vertex -0.087 0.055 -0.032
      endloop
   endfacet
   facet normal -2.31296e-16 1 0
      outer loop
         vertex -0.0817481 0.055 -0.042
         vertex -0.087 0.055 -0.042
         vertex -0.087 0.055 -0.032
      endloop
   endfacet
   facet normal -2.31296e-16 1 0
      outer loop
         vertex -0.087 0.055 -0.032
         vertex -0.0817481 0.055 -0.032
         vertex -0.0817481 0.055 -0.042
      endloop
   endfacet
   facet normal -1 0 0
      outer loop
         vertex -0.102 0.04 -0.042
         vertex -0.102 0.04 -0.032
         vertex -0.100858 0.0457403 -0.032
      endloop
   endfacet
   facet normal -0.92388 0.382683 0
      outer loop
         vertex -0.100858 0.0457403 -0.042
         vertex -0.100858 0.0457403 -0.032
         vertex -0.0976066 0.0506066 -0.032
      endloop
   endfacet
   facet normal -0.707107 0.707107 0
      outer loop
         vertex -0.0976066 0.0506066 -0.042
         vertex -0.0976066 0.0506066 -0.032
         vertex -0.0927403 0.0538582 -0.032
      endloop
   endfacet
   facet normal -0.382683 0.92388 0
      outer loop
         vertex -0.0927403 0.0538582 -0.042
         vertex -0.0927403 0.0538582 -0.032
         vertex -0.087 0.055 -0.032
      endloop
   endfacet
   facet normal -6.12323e-17 1 0
      outer loop
         vertex -0.087 0.055 -0.032
         vertex -0.087 0.055 -0.042
         vertex -0.0927403 0.0538582 -0.042
      endloop
   endfacet
   facet normal -0.382683 0.92388 0
      outer loop
         vertex -0.0927403 0.0538582 -0.032
         vertex -0.0927403 0.0538582 -0.042
         vertex -0.0976066 0.0506066 -0.042
      endloop
   endfacet
   facet normal -0.707107 0.707107 0
      outer loop
         vertex -0.0976066 0.0506066 -0.032
         vertex -0.0976066 0.0506066 -0.042
         vertex -0.100858 0.0457403 -0.042
      endloop
   endfacet
   facet normal -0.92388 0.382683 0
      outer loop
         vertex -0.100858 0.0457403 -0.032
         vertex -0.100858 0.0457403 -0.042
         vertex -0.102 0.04 -0.042
      endloop
   endfacet
   facet normal -0.707107 0 0.707107
      outer loop
         vertex -0.102 0.04 -0.032
         vertex -0.1 0.04 -0.03
         vertex -0.0990104 0.0449749 -0.03
      endloop
   endfacet
   facet normal -0.653281 0.270598 0.707107
      outer loop
         vertex -0.100858 0.0457403 -0.032
         vertex -0.0990104 0.0449749 -0.03
         vertex -0.0961924 0.0491924 -0.03
      endloop
   endfacet
   facet normal -0.5 0.5 0.707107
      outer loop
         vertex -0.0976066 0.0506066 -0.032
         vertex -0.0961924 0.0491924 -0.03
         vertex -0.0919749 0.0520104 -0.03
      endloop
   endfacet
   facet normal -0.270598 0.653281 0.707107
      outer loop
         vertex -0.0927403 0.0538582 -0.032
         vertex -0.0919749 0.0520104 -0.03
         vertex -0.087 0.053 -0.03
      endloop
   endfacet
   facet normal 7.85046e-17 0.707107 0.707107
      outer loop
         vertex -0.087 0.053 -0.03
         vertex -0.087 0.055 -0.032
         vertex -0.0927403 0.0538582 -0.032
      endloop
   endfacet
   facet normal -0.270598 0.653281 0.707107
      outer loop
         vertex -0.0919749 0.0520104 -0.03
         vertex -0.0927403 0.0538582 -0.032
         vertex -0.0976066 0.0506066 -0.032
      endloop
   endfacet
   facet normal -0.5 0.5 0.707107
      outer loop
         vertex -0.0961924 0.0491924 -0.03
         vertex -0.0976066 0.0506066 -0.032
         vertex -0.100858 0.0457403 -0.032
      endloop
   endfacet
   facet normal -0.653281 0.270598 0.707107
      outer loop
         vertex -0.0990104 0.0449749 -0.03
         vertex -0.100858 0.0457403 -0.032
         vertex -0.102 0.04 -0.032
      endloop
   endfacet
   facet normal 0 0 1
      outer loop
         vertex -0.1 0.022 -0.03
         vertex -0.0566237 0.0272393 -0.03
         vertex -0.0843736 0.0350735 -0.03
      endloop
   endfacet
   facet normal 0 0 1
      outer loop
         vertex -0.1 0.022 -0.03
         vertex -0.0502519 0.026 -0.03
         vertex -0.0566237 0.0272393 -0.03
      endloop
   endfacet
   facet normal 0 0 1
      outer loop
         vertex 0.023 0.022 -0.03
         vertex -0.0267481 0.026 -0.03
         vertex -0.0502519 0.026 -0.03
      endloop
   endfacet
   facet normal 0 0 1
      outer loop
         vertex 0.023 0.022 -0.03
         vertex 0.009 0.03475 -0.03
         vertex 0.0073736 0.0350735 -0.03
      endloop
   endfacet
   facet normal 0 0 1
      outer loop
         vertex -0.0502519 0.026 -0.03
         vertex -0.1 0.022 -0.03
         vertex 0.023 0.022 -0.03
      endloop
   endfacet
   facet normal 0 0 1
      outer loop
         vertex 0.0073736 0.0350735 -0.03
         vertex -0.0203763 0.0272393 -0.03
         vertex 0.023 0.022 -0.03
      endloop
   endfacet
   facet normal 0 0 1
      outer loop
         vertex -0.1 0.04 -0.03
         vertex -0.1 0.022 -0.03
         vertex -0.0899265 0.0373736 -0.03
      endloop
   endfacet
   facet normal 0 0 1
      outer loop
         vertex -0.0203763 0.0272393 -0.03
         vertex -0.0267481 0.026 -0.03
         vertex 0.023 0.022 -0.03
      endloop
   endfacet
   facet normal 0 0 1
      outer loop
         vertex -0.0698685 0.0452798 -0.03
         vertex -0.0820735 0.0406264 -0.03
         vertex -0.08175 0.039 -0.03
      endloop
   endfacet
   facet normal 0 0 1
      outer loop
         vertex -0.1 0.022 -0.03
         vertex -0.0890052 0.0359948 -0.03
         vertex -0.0899265 0.0373736 -0.03
      endloop
   endfacet
   facet normal 0 0 1
      outer loop
         vertex 0.023 0.022 -0.03
         vertex 0.0106264 0.0350735 -0.03
         vertex 0.009 0.03475 -0.03
      endloop
   endfacet
   facet normal 0 0 1
      outer loop
         vertex -0.08175 0.039 -0.03
         vertex -0.0620664 0.0307764 -0.03
         vertex -0.0657867 0.0360956 -0.03
      endloop
   endfacet
   facet normal 0 0 1
      outer loop
         vertex -0.1 0.022 -0.03
         vertex -0.0876264 0.0350735 -0.03
         vertex -0.0890052 0.0359948 -0.03
      endloop
   endfacet
   facet normal 0 0 1
      outer loop
         vertex -0.0843736 0.0350735 -0.03
         vertex -0.086 0.03475 -0.03
         vertex -0.1 0.022 -0.03
      endloop
   endfacet
   facet normal 0 0 1
      outer loop
         vertex 0.0220104 0.0449749 -0.03
         vertex 0.0191924 0.0491924 -0.03
         vertex 0.0120052 0.0420052 -0.03
      endloop
   endfacet
   facet normal 0 0 1
      outer loop
         vertex 0.0149749 0.0520104 -0.03
         vertex 0.0106264 0.0429265 -0.03
         vertex 0.0120052 0.0420052 -0.03
      endloop
   endfacet
   facet normal 0 0 1
      outer loop
         vertex 0.01 0.053 -0.03
         vertex 0.009 0.04325 -0.03
         vertex 0.0106264 0.0429265 -0.03
      endloop
   endfacet
   facet normal 0 0 1
      outer loop
         vertex 0.0047481 0.053 -0.03
         vertex 0.0073736 0.0429265 -0.03
         vertex 0.009 0.04325 -0.03
      endloop
   endfacet
   facet normal 0 0 1
      outer loop
         vertex -0.08175 0.039 -0.03
         vertex -0.0566237 0.0272393 -0.03
         vertex -0.0620664 0.0307764 -0.03
      endloop
   endfacet
   facet normal 0 0 1
      outer loop
         vertex -0.0727135 0.0493475 -0.03
         vertex -0.0829948 0.0420052 -0.03
         vertex -0.0820735 0.0406264 -0.03
      endloop
   endfacet
   facet normal 0 0 1
      outer loop
         vertex -0.0768756 0.0520523 -0.03
         vertex -0.0817481 0.053 -0.03
         vertex -0.0843736 0.0429265 -0.03
      endloop
   endfacet
   facet normal 0 0 1
      outer loop
         vertex -0.086 0.03475 -0.03
         vertex -0.0876264 0.0350735 -0.03
         vertex -0.1 0.022 -0.03
      endloop
   endfacet
   facet normal 0 0 1
      outer loop
         vertex 0.0120052 0.0420052 -0.03
         vertex 0.0191924 0.0491924 -0.03
         vertex 0.0149749 0.0520104 -0.03
      endloop
   endfacet
   facet normal 0 0 1
      outer loop
         vertex 0.009 0.04325 -0.03
         vertex 0.01 0.053 -0.03
         vertex 0.0047481 0.053 -0.03
      endloop
   endfacet
   facet normal 0 0 1
      outer loop
         vertex -0.00012442 0.0520523 -0.03
         vertex 0.0059948 0.0420052 -0.03
         vertex 0.0073736 0.0429265 -0.03
      endloop
   endfacet
   facet normal 0 0 1
      outer loop
         vertex -0.0820735 0.0406264 -0.03
         vertex -0.0698685 0.0452798 -0.03
         vertex -0.0727135 0.0493475 -0.03
      endloop
   endfacet
   facet normal 0 0 1
      outer loop
         vertex -0.0829948 0.0420052 -0.03
         vertex -0.0727135 0.0493475 -0.03
         vertex -0.0768756 0.0520523 -0.03
      endloop
   endfacet
   facet normal 0 0 1
      outer loop
         vertex -0.0817481 0.053 -0.03
         vertex -0.087 0.053 -0.03
         vertex -0.086 0.04325 -0.03
      endloop
   endfacet
   facet normal 0 0 1
      outer loop
         vertex -0.087 0.053 -0.03
         vertex -0.0919749 0.0520104 -0.03
         vertex -0.0876264 0.0429265 -0.03
      endloop
   endfacet
   facet normal 0 0 1
      outer loop
         vertex -0.0566237 0.0272393 -0.03
         vertex -0.0829948 0.0359948 -0.03
         vertex -0.0843736 0.0350735 -0.03
      endloop
   endfacet
   facet normal 0 0 1
      outer loop
         vertex -0.0566237 0.0272393 -0.03
         vertex -0.08175 0.039 -0.03
         vertex -0.0820735 0.0373736 -0.03
      endloop
   endfacet
   facet normal 0 0 1
      outer loop
         vertex 0.0106264 0.0429265 -0.03
         vertex 0.0149749 0.0520104 -0.03
         vertex 0.01 0.053 -0.03
      endloop
   endfacet
   facet normal 0 0 1
      outer loop
         vertex 0.0073736 0.0429265 -0.03
         vertex 0.0047481 0.053 -0.03
         vertex -0.00012442 0.0520523 -0.03
      endloop
   endfacet
   facet normal 0 0 1
      outer loop
         vertex -0.00428654 0.0493475 -0.03
         vertex -0.00713145 0.0452798 -0.03
         vertex 0.00507351 0.0406264 -0.03
      endloop
   endfacet
   facet normal 0 0 1
      outer loop
         vertex -0.00713145 0.0452798 -0.03
         vertex -0.0112133 0.0360956 -0.03
         vertex 0.00475 0.039 -0.03
      endloop
   endfacet
   facet normal 0 0 1
      outer loop
         vertex 0.00507351 0.0373736 -0.03
         vertex 0.00475 0.039 -0.03
         vertex -0.0112133 0.0360956 -0.03
      endloop
   endfacet
   facet normal 0 0 1
      outer loop
         vertex -0.0843736 0.0429265 -0.03
         vertex -0.0829948 0.0420052 -0.03
         vertex -0.0768756 0.0520523 -0.03
      endloop
   endfacet
   facet normal 0 0 1
      outer loop
         vertex -0.0876264 0.0429265 -0.03
         vertex -0.086 0.04325 -0.03
         vertex -0.087 0.053 -0.03
      endloop
   endfacet
   facet normal 0 0 1
      outer loop
         vertex -0.0820735 0.0373736 -0.03
         vertex -0.0829948 0.0359948 -0.03
         vertex -0.0566237 0.0272393 -0.03
      endloop
   endfacet
   facet normal 0 0 1
      outer loop
         vertex -0.00012442 0.0520523 -0.03
         vertex -0.00428654 0.0493475 -0.03
         vertex 0.0059948 0.0420052 -0.03
      endloop
   endfacet
   facet normal 0 0 1
      outer loop
         vertex 0.00475 0.039 -0.03
         vertex 0.00507351 0.0406264 -0.03
         vertex -0.00713145 0.0452798 -0.03
      endloop
   endfacet
   facet normal 0 0 1
      outer loop
         vertex -0.0112133 0.0360956 -0.03
         vertex -0.0149336 0.0307764 -0.03
         vertex 0.00507351 0.0373736 -0.03
      endloop
   endfacet
   facet normal 0 0 1
      outer loop
         vertex -0.086 0.04325 -0.03
         vertex -0.0843736 0.0429265 -0.03
         vertex -0.0817481 0.053 -0.03
      endloop
   endfacet
   facet normal 0 0 1
      outer loop
         vertex -0.0919749 0.0520104 -0.03
         vertex -0.0961924 0.0491924 -0.03
         vertex -0.0890052 0.0420052 -0.03
      endloop
   endfacet
   facet normal 0 0 1
      outer loop
         vertex -0.0990104 0.0449749 -0.03
         vertex -0.0899265 0.0406264 -0.03
         vertex -0.0890052 0.0420052 -0.03
      endloop
   endfacet
   facet normal 0 0 1
      outer loop
         vertex -0.1 0.04 -0.03
         vertex -0.09025 0.039 -0.03
         vertex -0.0899265 0.0406264 -0.03
      endloop
   endfacet
   facet normal 0 0 1
      outer loop
         vertex 0.023 0.022 -0.03
         vertex 0.0120052 0.0359948 -0.03
         vertex 0.0106264 0.0350735 -0.03
      endloop
   endfacet
   facet normal 0 0 1
      outer loop
         vertex 0.023 0.04 -0.03
         vertex 0.0220104 0.0449749 -0.03
         vertex 0.0129265 0.0406264 -0.03
      endloop
   endfacet
   facet normal 0 0 1
      outer loop
         vertex 0.00507351 0.0406264 -0.03
         vertex 0.0059948 0.0420052 -0.03
         vertex -0.00428654 0.0493475 -0.03
      endloop
   endfacet
   facet normal 0 0 1
      outer loop
         vertex -0.0203763 0.0272393 -0.03
         vertex 0.0059948 0.0359948 -0.03
         vertex 0.00507351 0.0373736 -0.03
      endloop
   endfacet
   facet normal 0 0 1
      outer loop
         vertex -0.0890052 0.0420052 -0.03
         vertex -0.0876264 0.0429265 -0.03
         vertex -0.0919749 0.0520104 -0.03
      endloop
   endfacet
   facet normal 0 0 1
      outer loop
         vertex -0.0899265 0.0406264 -0.03
         vertex -0.0990104 0.0449749 -0.03
         vertex -0.1 0.04 -0.03
      endloop
   endfacet
   facet normal 0 0 1
      outer loop
         vertex 0.023 0.022 -0.03
         vertex 0.0129265 0.0373736 -0.03
         vertex 0.0120052 0.0359948 -0.03
      endloop
   endfacet
   facet normal 0 0 1
      outer loop
         vertex 0.023 0.04 -0.03
         vertex 0.01325 0.039 -0.03
         vertex 0.0129265 0.0373736 -0.03
      endloop
   endfacet
   facet normal 0 0 1
      outer loop
         vertex 0.0120052 0.0420052 -0.03
         vertex 0.0129265 0.0406264 -0.03
         vertex 0.0220104 0.0449749 -0.03
      endloop
   endfacet
   facet normal 0 0 1
      outer loop
         vertex -0.0203763 0.0272393 -0.03
         vertex 0.0073736 0.0350735 -0.03
         vertex 0.0059948 0.0359948 -0.03
      endloop
   endfacet
   facet normal 0 0 1
      outer loop
         vertex -0.0890052 0.0420052 -0.03
         vertex -0.0961924 0.0491924 -0.03
         vertex -0.0990104 0.0449749 -0.03
      endloop
   endfacet
   facet normal 0 0 1
      outer loop
         vertex 0.0129265 0.0373736 -0.03
         vertex 0.023 0.022 -0.03
         vertex 0.023 0.04 -0.03
      endloop
   endfacet
   facet normal 0 0 1
      outer loop
         vertex -0.0149336 0.0307764 -0.03
         vertex -0.0203763 0.0272393 -0.03
         vertex 0.00507351 0.0373736 -0.03
      endloop
   endfacet
   facet normal 0 0 1
      outer loop
         vertex -0.0899265 0.0373736 -0.03
         vertex -0.09025 0.039 -0.03
         vertex -0.1 0.04 -0.03
      endloop
   endfacet
   facet normal 0 0 1
      outer loop
         vertex -0.08175 0.039 -0.03
         vertex -0.0657867 0.0360956 -0.03
         vertex -0.0698685 0.0452798 -0.03
      endloop
   endfacet
   facet normal 0 0 1
      outer loop
         vertex 0.0129265 0.0406264 -0.03
         vertex 0.01325 0.039 -0.03
         vertex 0.023 0.04 -0.03
      endloop
   endfacet
   facet normal 0.92388 0.382683 0
      outer loop
         vertex -0.0899265 0.0373736 -0.042
         vertex -0.09025 0.039 -0.042
         vertex -0.09025 0.039 -0.03
      endloop
   endfacet
   facet normal 0.707107 0.707107 0
      outer loop
         vertex -0.0890052 0.0359948 -0.042
         vertex -0.0899265 0.0373736 -0.042
         vertex -0.0899265 0.0373736 -0.03
      endloop
   endfacet
   facet normal 0.382683 0.92388 0
      outer loop
         vertex -0.0876264 0.0350735 -0.042
         vertex -0.0890052 0.0359948 -0.042
         vertex -0.0890052 0.0359948 -0.03
      endloop
   endfacet
   facet normal -1.83697e-16 1 0
      outer loop
         vertex -0.086 0.03475 -0.042
         vertex -0.0876264 0.0350735 -0.042
         vertex -0.0876264 0.0350735 -0.03
      endloop
   endfacet
   facet normal -0.382683 0.92388 0
      outer loop
         vertex -0.0843736 0.0350735 -0.042
         vertex -0.086 0.03475 -0.042
         vertex -0.086 0.03475 -0.03
      endloop
   endfacet
   facet normal -0.707107 0.707107 0
      outer loop
         vertex -0.0829948 0.0359948 -0.042
         vertex -0.0843736 0.0350735 -0.042
         vertex -0.0843736 0.0350735 -0.03
      endloop
   endfacet
   facet normal -0.92388 0.382683 0
      outer loop
         vertex -0.0820735 0.0373736 -0.042
         vertex -0.0829948 0.0359948 -0.042
         vertex -0.0829948 0.0359948 -0.03
      endloop
   endfacet
   facet normal -1 -1.22465e-16 0
      outer loop
         vertex -0.08175 0.039 -0.042
         vertex -0.0820735 0.0373736 -0.042
         vertex -0.0820735 0.0373736 -0.03
      endloop
   endfacet
   facet normal -0.92388 -0.382683 0
      outer loop
         vertex -0.0820735 0.0406264 -0.042
         vertex -0.08175 0.039 -0.042
         vertex -0.08175 0.039 -0.03
      endloop
   endfacet
   facet normal -0.707107 -0.707107 0
      outer loop
         vertex -0.0829948 0.0420052 -0.042
         vertex -0.0820735 0.0406264 -0.042
         vertex -0.0820735 0.0406264 -0.03
      endloop
   endfacet
   facet normal -0.382683 -0.92388 0
      outer loop
         vertex -0.0843736 0.0429265 -0.042
         vertex -0.0829948 0.0420052 -0.042
         vertex -0.0829948 0.0420052 -0.03
      endloop
   endfacet
   facet normal 6.12323e-17 -1 0
      outer loop
         vertex -0.086 0.04325 -0.042
         vertex -0.0843736 0.0429265 -0.042
         vertex -0.0843736 0.0429265 -0.03
      endloop
   endfacet
   facet normal 0.382683 -0.92388 0
      outer loop
         vertex -0.0876264 0.0429265 -0.042
         vertex -0.086 0.04325 -0.042
         vertex -0.086 0.04325 -0.03
      endloop
   endfacet
   facet normal 0.707107 -0.707107 0
      outer loop
         vertex -0.0890052 0.0420052 -0.042
         vertex -0.0876264 0.0429265 -0.042
         vertex -0.0876264 0.0429265 -0.03
      endloop
   endfacet
   facet normal 0.92388 -0.382683 0
      outer loop
         vertex -0.0899265 0.0406264 -0.042
         vertex -0.0890052 0.0420052 -0.042
         vertex -0.0890052 0.0420052 -0.03
      endloop
   endfacet
   facet normal 1 2.44929e-16 0
      outer loop
         vertex -0.09025 0.039 -0.042
         vertex -0.0899265 0.0406264 -0.042
         vertex -0.0899265 0.0406264 -0.03
      endloop
   endfacet
   facet normal 0.92388 -0.382683 0
      outer loop
         vertex -0.0899265 0.0406264 -0.03
         vertex -0.09025 0.039 -0.03
         vertex -0.09025 0.039 -0.042
      endloop
   endfacet
   facet normal 0.707107 -0.707107 0
      outer loop
         vertex -0.0890052 0.0420052 -0.03
         vertex -0.0899265 0.0406264 -0.03
         vertex -0.0899265 0.0406264 -0.042
      endloop
   endfacet
   facet normal 0.382683 -0.92388 0
      outer loop
         vertex -0.0876264 0.0429265 -0.03
         vertex -0.0890052 0.0420052 -0.03
         vertex -0.0890052 0.0420052 -0.042
      endloop
   endfacet
   facet normal 6.12323e-17 -1 0
      outer loop
         vertex -0.086 0.04325 -0.03
         vertex -0.0876264 0.0429265 -0.03
         vertex -0.0876264 0.0429265 -0.042
      endloop
   endfacet
   facet normal -0.382683 -0.92388 0
      outer loop
         vertex -0.0843736 0.0429265 -0.03
         vertex -0.086 0.04325 -0.03
         vertex -0.086 0.04325 -0.042
      endloop
   endfacet
   facet normal -0.707107 -0.707107 0
      outer loop
         vertex -0.0829948 0.0420052 -0.03
         vertex -0.0843736 0.0429265 -0.03
         vertex -0.0843736 0.0429265 -0.042
      endloop
   endfacet
   facet normal -0.92388 -0.382683 0
      outer loop
         vertex -0.0820735 0.0406264 -0.03
         vertex -0.0829948 0.0420052 -0.03
         vertex -0.0829948 0.0420052 -0.042
      endloop
   endfacet
   facet normal -1 -1.22465e-16 0
      outer loop
         vertex -0.08175 0.039 -0.03
         vertex -0.0820735 0.0406264 -0.03
         vertex -0.0820735 0.0406264 -0.042
      endloop
   endfacet
   facet normal -0.92388 0.382683 0
      outer loop
         vertex -0.0820735 0.0373736 -0.03
         vertex -0.08175 0.039 -0.03
         vertex -0.08175 0.039 -0.042
      endloop
   endfacet
   facet normal -0.707107 0.707107 0
      outer loop
         vertex -0.0829948 0.0359948 -0.03
         vertex -0.0820735 0.0373736 -0.03
         vertex -0.0820735 0.0373736 -0.042
      endloop
   endfacet
   facet normal -0.382683 0.92388 0
      outer loop
         vertex -0.0843736 0.0350735 -0.03
         vertex -0.0829948 0.0359948 -0.03
         vertex -0.0829948 0.0359948 -0.042
      endloop
   endfacet
   facet normal -1.83697e-16 1 0
      outer loop
         vertex -0.086 0.03475 -0.03
         vertex -0.0843736 0.0350735 -0.03
         vertex -0.0843736 0.0350735 -0.042
      endloop
   endfacet
   facet normal 0.382683 0.92388 0
      outer loop
         vertex -0.0876264 0.0350735 -0.03
         vertex -0.086 0.03475 -0.03
         vertex -0.086 0.03475 -0.042
      endloop
   endfacet
   facet normal 0.707107 0.707107 0
      outer loop
         vertex -0.0890052 0.0359948 -0.03
         vertex -0.0876264 0.0350735 -0.03
         vertex -0.0876264 0.0350735 -0.042
      endloop
   endfacet
   facet normal 0.92388 0.382683 0
      outer loop
         vertex -0.0899265 0.0373736 -0.03
         vertex -0.0890052 0.0359948 -0.03
         vertex -0.0890052 0.0359948 -0.042
      endloop
   endfacet
   facet normal 1 2.44929e-16 0
      outer loop
         vertex -0.09025 0.039 -0.03
         vertex -0.0899265 0.0373736 -0.03
         vertex -0.0899265 0.0373736 -0.042
      endloop
   endfacet
   facet normal 0.92388 0.382683 0
      outer loop
         vertex 0.00507351 0.0373736 -0.042
         vertex 0.00475 0.039 -0.042
         vertex 0.00475 0.039 -0.03
      endloop
   endfacet
   facet normal 0.707107 0.707107 0
      outer loop
         vertex 0.0059948 0.0359948 -0.042
         vertex 0.00507351 0.0373736 -0.042
         vertex 0.00507351 0.0373736 -0.03
      endloop
   endfacet
   facet normal 0.382683 0.92388 0
      outer loop
         vertex 0.0073736 0.0350735 -0.042
         vertex 0.0059948 0.0359948 -0.042
         vertex 0.0059948 0.0359948 -0.03
      endloop
   endfacet
   facet normal -1.83697e-16 1 0
      outer loop
         vertex 0.009 0.03475 -0.042
         vertex 0.0073736 0.0350735 -0.042
         vertex 0.0073736 0.0350735 -0.03
      endloop
   endfacet
   facet normal -0.382683 0.92388 0
      outer loop
         vertex 0.0106264 0.0350735 -0.042
         vertex 0.009 0.03475 -0.042
         vertex 0.009 0.03475 -0.03
      endloop
   endfacet
   facet normal -0.707107 0.707107 0
      outer loop
         vertex 0.0120052 0.0359948 -0.042
         vertex 0.0106264 0.0350735 -0.042
         vertex 0.0106264 0.0350735 -0.03
      endloop
   endfacet
   facet normal -0.92388 0.382683 0
      outer loop
         vertex 0.0129265 0.0373736 -0.042
         vertex 0.0120052 0.0359948 -0.042
         vertex 0.0120052 0.0359948 -0.03
      endloop
   endfacet
   facet normal -1 -1.22465e-16 0
      outer loop
         vertex 0.01325 0.039 -0.042
         vertex 0.0129265 0.0373736 -0.042
         vertex 0.0129265 0.0373736 -0.03
      endloop
   endfacet
   facet normal -0.92388 -0.382683 0
      outer loop
         vertex 0.0129265 0.0406264 -0.042
         vertex 0.01325 0.039 -0.042
         vertex 0.01325 0.039 -0.03
      endloop
   endfacet
   facet normal -0.707107 -0.707107 0
      outer loop
         vertex 0.0120052 0.0420052 -0.042
         vertex 0.0129265 0.0406264 -0.042
         vertex 0.0129265 0.0406264 -0.03
      endloop
   endfacet
   facet normal -0.382683 -0.92388 0
      outer loop
         vertex 0.0106264 0.0429265 -0.042
         vertex 0.0120052 0.0420052 -0.042
         vertex 0.0120052 0.0420052 -0.03
      endloop
   endfacet
   facet normal 6.12323e-17 -1 0
      outer loop
         vertex 0.009 0.04325 -0.042
         vertex 0.0106264 0.0429265 -0.042
         vertex 0.0106264 0.0429265 -0.03
      endloop
   endfacet
   facet normal 0.382683 -0.92388 0
      outer loop
         vertex 0.0073736 0.0429265 -0.042
         vertex 0.009 0.04325 -0.042
         vertex 0.009 0.04325 -0.03
      endloop
   endfacet
   facet normal 0.707107 -0.707107 0
      outer loop
         vertex 0.0059948 0.0420052 -0.042
         vertex 0.0073736 0.0429265 -0.042
         vertex 0.0073736 0.0429265 -0.03
      endloop
   endfacet
   facet normal 0.92388 -0.382683 0
      outer loop
         vertex 0.00507351 0.0406264 -0.042
         vertex 0.0059948 0.0420052 -0.042
         vertex 0.0059948 0.0420052 -0.03
      endloop
   endfacet
   facet normal 1 2.44929e-16 0
      outer loop
         vertex 0.00475 0.039 -0.042
         vertex 0.00507351 0.0406264 -0.042
         vertex 0.00507351 0.0406264 -0.03
      endloop
   endfacet
   facet normal 0.92388 -0.382683 0
      outer loop
         vertex 0.00507351 0.0406264 -0.03
         vertex 0.00475 0.039 -0.03
         vertex 0.00475 0.039 -0.042
      endloop
   endfacet
   facet normal 0.707107 -0.707107 0
      outer loop
         vertex 0.0059948 0.0420052 -0.03
         vertex 0.00507351 0.0406264 -0.03
         vertex 0.00507351 0.0406264 -0.042
      endloop
   endfacet
   facet normal 0.382683 -0.92388 0
      outer loop
         vertex 0.0073736 0.0429265 -0.03
         vertex 0.0059948 0.0420052 -0.03
         vertex 0.0059948 0.0420052 -0.042
      endloop
   endfacet
   facet normal 6.12323e-17 -1 0
      outer loop
         vertex 0.009 0.04325 -0.03
         vertex 0.0073736 0.0429265 -0.03
         vertex 0.0073736 0.0429265 -0.042
      endloop
   endfacet
   facet normal -0.382683 -0.92388 0
      outer loop
         vertex 0.0106264 0.0429265 -0.03
         vertex 0.009 0.04325 -0.03
         vertex 0.009 0.04325 -0.042
      endloop
   endfacet
   facet normal -0.707107 -0.707107 0
      outer loop
         vertex 0.0120052 0.0420052 -0.03
         vertex 0.0106264 0.0429265 -0.03
         vertex 0.0106264 0.0429265 -0.042
      endloop
   endfacet
   facet normal -0.92388 -0.382683 0
      outer loop
         vertex 0.0129265 0.0406264 -0.03
         vertex 0.0120052 0.0420052 -0.03
         vertex 0.0120052 0.0420052 -0.042
      endloop
   endfacet
   facet normal -1 -1.22465e-16 0
      outer loop
         vertex 0.01325 0.039 -0.03
         vertex 0.0129265 0.0406264 -0.03
         vertex 0.0129265 0.0406264 -0.042
      endloop
   endfacet
   facet normal -0.92388 0.382683 0
      outer loop
         vertex 0.0129265 0.0373736 -0.03
         vertex 0.01325 0.039 -0.03
         vertex 0.01325 0.039 -0.042
      endloop
   endfacet
   facet normal -0.707107 0.707107 0
      outer loop
         vertex 0.0120052 0.0359948 -0.03
         vertex 0.0129265 0.0373736 -0.03
         vertex 0.0129265 0.0373736 -0.042
      endloop
   endfacet
   facet normal -0.382683 0.92388 0
      outer loop
         vertex 0.0106264 0.0350735 -0.03
         vertex 0.0120052 0.0359948 -0.03
         vertex 0.0120052 0.0359948 -0.042
      endloop
   endfacet
   facet normal -1.83697e-16 1 0
      outer loop
         vertex 0.009 0.03475 -0.03
         vertex 0.0106264 0.0350735 -0.03
         vertex 0.0106264 0.0350735 -0.042
      endloop
   endfacet
   facet normal 0.382683 0.92388 0
      outer loop
         vertex 0.0073736 0.0350735 -0.03
         vertex 0.009 0.03475 -0.03
         vertex 0.009 0.03475 -0.042
      endloop
   endfacet
   facet normal 0.707107 0.707107 0
      outer loop
         vertex 0.0059948 0.0359948 -0.03
         vertex 0.0073736 0.0350735 -0.03
         vertex 0.0073736 0.0350735 -0.042
      endloop
   endfacet
   facet normal 0.92388 0.382683 0
      outer loop
         vertex 0.00507351 0.0373736 -0.03
         vertex 0.0059948 0.0359948 -0.03
         vertex 0.0059948 0.0359948 -0.042
      endloop
   endfacet
   facet normal 1 2.44929e-16 0
      outer loop
         vertex 0.00475 0.039 -0.03
         vertex 0.00507351 0.0373736 -0.03
         vertex 0.00507351 0.0373736 -0.042
      endloop
   endfacet
   facet normal 1 -9.46213e-17 0
      outer loop
         vertex 0.025 -0.04 -0.042
         vertex 0.025 0.0109134 -0.0245922
         vertex 0.025 -0.0174078 -0.0310866
      endloop
   endfacet
   facet normal 1 -9.46213e-17 0
      outer loop
         vertex 0.025 -0.0174078 -0.0310866
         vertex 0.025 -0.022 -0.032
         vertex 0.025 -0.04 -0.042
      endloop
   endfacet
   facet normal 1 -9.46213e-17 0
      outer loop
         vertex 0.025 0.0109134 -0.0245922
         vertex 0.025 -0.0135147 -0.0284853
         vertex 0.025 -0.0174078 -0.0310866
      endloop
   endfacet
   facet normal 1 -9.46213e-17 0
      outer loop
         vertex 0.025 0.01 -0.02
         vertex 0.025 0.01 0.0137532
         vertex 0.025 -0.01 0.0137532
      endloop
   endfacet
   facet normal 1 -9.46213e-17 0
      outer loop
         vertex 0.025 0.0109134 -0.0245922
         vertex 0.025 0.01 -0.02
         vertex 0.025 -0.01 -0.02
      endloop
   endfacet
   facet normal 1 -9.46213e-17 0
      outer loop
         vertex 0.025 0.0109134 -0.0245922
         vertex 0.025 -0.0109134 -0.0245922
         vertex 0.025 -0.0135147 -0.0284853
      endloop
   endfacet
   facet normal 1 -9.46213e-17 0
      outer loop
         vertex 0.025 -0.01 -0.02
         vertex 0.025 -0.0109134 -0.0245922
         vertex 0.025 0.0109134 -0.0245922
      endloop
   endfacet
   facet normal 1 -9.46213e-17 0
      outer loop
         vertex 0.025 -0.04 -0.042
         vertex 0.025 0.04 -0.042
         vertex 0.025 0.022 -0.032
      endloop
   endfacet
   facet normal 1 -9.46213e-17 0
      outer loop
         vertex 0.025 -0.01 0.0137532
         vertex 0.025 -0.01 -0.02
         vertex 0.025 0.01 -0.02
      endloop
   endfacet
   facet normal 1 -9.46213e-17 0
      outer loop
         vertex 0.025 0.04 -0.042
         vertex 0.025 0.04 -0.032
         vertex 0.025 0.022 -0.032
      endloop
   endfacet
   facet normal 1 -9.46213e-17 0
      outer loop
         vertex 0.025 -0.04 -0.042
         vertex 0.025 0.0135147 -0.0284853
         vertex 0.025 0.0109134 -0.0245922
      endloop
   endfacet
   facet normal 1 -9.46213e-17 0
      outer loop
         vertex 0.025 0.022 -0.032
         vertex 0.025 0.0174078 -0.0310866
         vertex 0.025 -0.04 -0.042
      endloop
   endfacet
   facet normal 1 -9.46213e-17 0
      outer loop
         vertex 0.025 0.0174078 -0.0310866
         vertex 0.025 0.0135147 -0.0284853
         vertex 0.025 -0.04 -0.042
      endloop
   endfacet
   facet normal 1 -9.46213e-17 0
      outer loop
         vertex 0.025 -0.022 -0.032
         vertex 0.025 -0.04 -0.032
         vertex 0.025 -0.04 -0.042
      endloop
   endfacet
   facet normal 0.707107 0 0.707107
      outer loop
         vertex 0.025 -0.022 -0.032
         vertex 0.025 -0.0174078 -0.0310866
         vertex 0.023 -0.0181732 -0.0292388
      endloop
   endfacet
   facet normal 0.707107 -0.270598 0.653281
      outer loop
         vertex 0.025 -0.0174078 -0.0310866
         vertex 0.025 -0.0135147 -0.0284853
         vertex 0.023 -0.0149289 -0.0270711
      endloop
   endfacet
   facet normal 0.707107 -0.5 0.5
      outer loop
         vertex 0.025 -0.0135147 -0.0284853
         vertex 0.025 -0.0109134 -0.0245922
         vertex 0.023 -0.0127612 -0.0238268
      endloop
   endfacet
   facet normal 0.707107 -0.653281 0.270598
      outer loop
         vertex 0.025 -0.0109134 -0.0245922
         vertex 0.025 -0.01 -0.02
         vertex 0.023 -0.012 -0.02
      endloop
   endfacet
   facet normal 0.707107 -0.707107 -7.85046e-17
      outer loop
         vertex 0.023 -0.012 -0.02
         vertex 0.023 -0.0127612 -0.0238268
         vertex 0.025 -0.0109134 -0.0245922
      endloop
   endfacet
   facet normal 0.707107 -0.653281 0.270598
      outer loop
         vertex 0.023 -0.0127612 -0.0238268
         vertex 0.023 -0.0149289 -0.0270711
         vertex 0.025 -0.0135147 -0.0284853
      endloop
   endfacet
   facet normal 0.707107 -0.5 0.5
      outer loop
         vertex 0.023 -0.0149289 -0.0270711
         vertex 0.023 -0.0181732 -0.0292388
         vertex 0.025 -0.0174078 -0.0310866
      endloop
   endfacet
   facet normal 0.707107 -0.270598 0.653281
      outer loop
         vertex 0.023 -0.0181732 -0.0292388
         vertex 0.023 -0.022 -0.03
         vertex 0.025 -0.022 -0.032
      endloop
   endfacet
   facet normal 0 -0.92388 0.382683
      outer loop
         vertex 0.023 -0.0127612 -0.0238268
         vertex 0.023 -0.012 -0.02
         vertex -0.1 -0.012 -0.02
      endloop
   endfacet
   facet normal 0 -0.707107 0.707107
      outer loop
         vertex 0.023 -0.0149289 -0.0270711
         vertex 0.023 -0.0127612 -0.0238268
         vertex -0.1 -0.0127612 -0.0238268
      endloop
   endfacet
   facet normal 0 -0.382683 0.92388
      outer loop
         vertex 0.023 -0.0181732 -0.0292388
         vertex 0.023 -0.0149289 -0.0270711
         vertex -0.1 -0.0149289 -0.0270711
      endloop
   endfacet
   facet normal 0 0 1
      outer loop
         vertex 0.023 -0.022 -0.03
         vertex 0.023 -0.0181732 -0.0292388
         vertex -0.1 -0.0181732 -0.0292388
      endloop
   endfacet
   facet normal 0 -0.382683 0.92388
      outer loop
         vertex -0.1 -0.0181732 -0.0292388
         vertex -0.1 -0.022 -0.03
         vertex 0.023 -0.022 -0.03
      endloop
   endfacet
   facet normal 0 -0.707107 0.707107
      outer loop
         vertex -0.1 -0.0149289 -0.0270711
         vertex -0.1 -0.0181732 -0.0292388
         vertex 0.023 -0.0181732 -0.0292388
      endloop
   endfacet
   facet normal 0 -0.92388 0.382683
      outer loop
         vertex -0.1 -0.0127612 -0.0238268
         vertex -0.1 -0.0149289 -0.0270711
         vertex 0.023 -0.0149289 -0.0270711
      endloop
   endfacet
   facet normal 0 -1 6.12323e-17
      outer loop
         vertex -0.1 -0.012 -0.02
         vertex -0.1 -0.0127612 -0.0238268
         vertex 0.023 -0.0127612 -0.0238268
      endloop
   endfacet
   facet normal -0.707107 -0.707107 -4.32978e-17
      outer loop
         vertex -0.102 -0.01 -0.02
         vertex -0.102 -0.0109134 -0.0245922
         vertex -0.1 -0.0127612 -0.0238268
      endloop
   endfacet
   facet normal -0.707107 -0.653281 0.270598
      outer loop
         vertex -0.102 -0.0109134 -0.0245922
         vertex -0.102 -0.0135147 -0.0284853
         vertex -0.1 -0.0149289 -0.0270711
      endloop
   endfacet
   facet normal -0.707107 -0.5 0.5
      outer loop
         vertex -0.102 -0.0135147 -0.0284853
         vertex -0.102 -0.0174078 -0.0310866
         vertex -0.1 -0.0181732 -0.0292388
      endloop
   endfacet
   facet normal -0.707107 -0.270598 0.653281
      outer loop
         vertex -0.102 -0.0174078 -0.0310866
         vertex -0.102 -0.022 -0.032
         vertex -0.1 -0.022 -0.03
      endloop
   endfacet
   facet normal -0.707107 7.85046e-17 0.707107
      outer loop
         vertex -0.1 -0.022 -0.03
         vertex -0.1 -0.0181732 -0.0292388
         vertex -0.102 -0.0174078 -0.0310866
      endloop
   endfacet
   facet normal -0.707107 -0.270598 0.653281
      outer loop
         vertex -0.1 -0.0181732 -0.0292388
         vertex -0.1 -0.0149289 -0.0270711
         vertex -0.102 -0.0135147 -0.0284853
      endloop
   endfacet
   facet normal -0.707107 -0.5 0.5
      outer loop
         vertex -0.1 -0.0149289 -0.0270711
         vertex -0.1 -0.0127612 -0.0238268
         vertex -0.102 -0.0109134 -0.0245922
      endloop
   endfacet
   facet normal -0.707107 -0.653281 0.270598
      outer loop
         vertex -0.1 -0.0127612 -0.0238268
         vertex -0.1 -0.012 -0.02
         vertex -0.102 -0.01 -0.02
      endloop
   endfacet
   facet normal -1 1.26162e-16 0
      outer loop
         vertex -0.102 -0.0109134 -0.0245922
         vertex -0.102 -0.01 -0.02
         vertex -0.102 0.01 -0.02
      endloop
   endfacet
   facet normal -1 1.26162e-16 0
      outer loop
         vertex -0.102 0.01 0.07
         vertex -0.102 0.01 -0.02
         vertex -0.102 -0.01 -0.02
      endloop
   endfacet
   facet normal -1 1.26162e-16 0
      outer loop
         vertex -0.102 0.04 -0.042
         vertex -0.102 -0.0135147 -0.0284853
         vertex -0.102 0.0174078 -0.0310866
      endloop
   endfacet
   facet normal -1 1.26162e-16 0
      outer loop
         vertex -0.102 -0.01 -0.02
         vertex -0.102 -0.01 0.07
         vertex -0.102 0.01 0.07
      endloop
   endfacet
   facet normal -1 1.26162e-16 0
      outer loop
         vertex -0.102 0.0174078 -0.0310866
         vertex -0.102 0.022 -0.032
         vertex -0.102 0.04 -0.042
      endloop
   endfacet
   facet normal -1 1.26162e-16 0
      outer loop
         vertex -0.102 0.01 -0.02
         vertex -0.102 0.0109134 -0.0245922
         vertex -0.102 -0.0109134 -0.0245922
      endloop
   endfacet
   facet normal -1 1.26162e-16 0
      outer loop
         vertex -0.102 0.04 -0.042
         vertex -0.102 -0.04 -0.042
         vertex -0.102 -0.022 -0.032
      endloop
   endfacet
   facet normal -1 1.26162e-16 0
      outer loop
         vertex -0.102 -0.0135147 -0.0284853
         vertex -0.102 0.0135147 -0.0284853
         vertex -0.102 0.0174078 -0.0310866
      endloop
   endfacet
   facet normal -1 1.26162e-16 0
      outer loop
         vertex -0.102 0.0135147 -0.0284853
         vertex -0.102 -0.0135147 -0.0284853
         vertex -0.102 -0.0109134 -0.0245922
      endloop
   endfacet
   facet normal -1 1.26162e-16 0
      outer loop
         vertex -0.102 -0.04 -0.042
         vertex -0.102 -0.04 -0.032
         vertex -0.102 -0.022 -0.032
      endloop
   endfacet
   facet normal -1 1.26162e-16 0
      outer loop
         vertex -0.102 0.0109134 -0.0245922
         vertex -0.102 0.0135147 -0.0284853
         vertex -0.102 -0.0109134 -0.0245922
      endloop
   endfacet
   facet normal -1 1.26162e-16 0
      outer loop
         vertex -0.102 -0.022 -0.032
         vertex -0.102 -0.0174078 -0.0310866
         vertex -0.102 0.04 -0.042
      endloop
   endfacet
   facet normal -1 1.26162e-16 0
      outer loop
         vertex -0.102 -0.0174078 -0.0310866
         vertex -0.102 -0.0135147 -0.0284853
         vertex -0.102 0.04 -0.042
      endloop
   endfacet
   facet normal -1 1.26162e-16 0
      outer loop
         vertex -0.102 0.022 -0.032
         vertex -0.102 0.04 -0.032
         vertex -0.102 0.04 -0.042
      endloop
   endfacet
   facet normal -0.707107 8.92098e-17 0.707107
      outer loop
         vertex -0.102 -0.04 -0.032
         vertex -0.1 -0.04 -0.03
         vertex -0.1 -0.022 -0.03
      endloop
   endfacet
   facet normal -0.707107 8.92098e-17 0.707107
      outer loop
         vertex -0.1 -0.022 -0.03
         vertex -0.102 -0.022 -0.032
         vertex -0.102 -0.04 -0.032
      endloop
   endfacet
   facet normal -1 1.26162e-16 0
      outer loop
         vertex -0.102 -0.04 -0.032
         vertex -0.102 -0.04 -0.042
         vertex -0.100858 -0.0457403 -0.042
      endloop
   endfacet
   facet normal -0.92388 -0.382683 0
      outer loop
         vertex -0.100858 -0.0457403 -0.032
         vertex -0.100858 -0.0457403 -0.042
         vertex -0.0976066 -0.0506066 -0.042
      endloop
   endfacet
   facet normal -0.707107 -0.707107 0
      outer loop
         vertex -0.0976066 -0.0506066 -0.032
         vertex -0.0976066 -0.0506066 -0.042
         vertex -0.0927403 -0.0538582 -0.042
      endloop
   endfacet
   facet normal -0.382683 -0.92388 0
      outer loop
         vertex -0.0927403 -0.0538582 -0.032
         vertex -0.0927403 -0.0538582 -0.042
         vertex -0.087 -0.055 -0.042
      endloop
   endfacet
   facet normal -1.83697e-16 -1 0
      outer loop
         vertex -0.087 -0.055 -0.042
         vertex -0.087 -0.055 -0.032
         vertex -0.0927403 -0.0538582 -0.032
      endloop
   endfacet
   facet normal -0.382683 -0.92388 0
      outer loop
         vertex -0.0927403 -0.0538582 -0.042
         vertex -0.0927403 -0.0538582 -0.032
         vertex -0.0976066 -0.0506066 -0.032
      endloop
   endfacet
   facet normal -0.707107 -0.707107 0
      outer loop
         vertex -0.0976066 -0.0506066 -0.042
         vertex -0.0976066 -0.0506066 -0.032
         vertex -0.100858 -0.0457403 -0.032
      endloop
   endfacet
   facet normal -0.92388 -0.382683 0
      outer loop
         vertex -0.100858 -0.0457403 -0.042
         vertex -0.100858 -0.0457403 -0.032
         vertex -0.102 -0.04 -0.032
      endloop
   endfacet
   facet normal 1.29893e-16 -0.707107 0.707107
      outer loop
         vertex -0.087 -0.055 -0.032
         vertex -0.087 -0.053 -0.03
         vertex -0.0919749 -0.0520104 -0.03
      endloop
   endfacet
   facet normal -0.270598 -0.653281 0.707107
      outer loop
         vertex -0.0927403 -0.0538582 -0.032
         vertex -0.0919749 -0.0520104 -0.03
         vertex -0.0961924 -0.0491924 -0.03
      endloop
   endfacet
   facet normal -0.5 -0.5 0.707107
      outer loop
         vertex -0.0976066 -0.0506066 -0.032
         vertex -0.0961924 -0.0491924 -0.03
         vertex -0.0990104 -0.0449749 -0.03
      endloop
   endfacet
   facet normal -0.653281 -0.270598 0.707107
      outer loop
         vertex -0.100858 -0.0457403 -0.032
         vertex -0.0990104 -0.0449749 -0.03
         vertex -0.1 -0.04 -0.03
      endloop
   endfacet
   facet normal -0.707107 7.85046e-17 0.707107
      outer loop
         vertex -0.1 -0.04 -0.03
         vertex -0.102 -0.04 -0.032
         vertex -0.100858 -0.0457403 -0.032
      endloop
   endfacet
   facet normal -0.653281 -0.270598 0.707107
      outer loop
         vertex -0.0990104 -0.0449749 -0.03
         vertex -0.100858 -0.0457403 -0.032
         vertex -0.0976066 -0.0506066 -0.032
      endloop
   endfacet
   facet normal -0.5 -0.5 0.707107
      outer loop
         vertex -0.0961924 -0.0491924 -0.03
         vertex -0.0976066 -0.0506066 -0.032
         vertex -0.0927403 -0.0538582 -0.032
      endloop
   endfacet
   facet normal -0.270598 -0.653281 0.707107
      outer loop
         vertex -0.0919749 -0.0520104 -0.03
         vertex -0.0927403 -0.0538582 -0.032
         vertex -0.087 -0.055 -0.032
      endloop
   endfacet
   facet normal 2.31296e-16 -1 0
      outer loop
         vertex -0.087 -0.055 -0.042
         vertex -0.0817481 -0.055 -0.042
         vertex -0.0817481 -0.055 -0.032
      endloop
   endfacet
   facet normal 2.31296e-16 -1 0
      outer loop
         vertex -0.0817481 -0.055 -0.032
         vertex -0.087 -0.055 -0.032
         vertex -0.087 -0.055 -0.042
      endloop
   endfacet
   facet normal 1.63551e-16 -0.707107 0.707107
      outer loop
         vertex -0.087 -0.055 -0.032
         vertex -0.0817481 -0.055 -0.032
         vertex -0.0817481 -0.053 -0.03
      endloop
   endfacet
   facet normal 1.63551e-16 -0.707107 0.707107
      outer loop
         vertex -0.0817481 -0.053 -0.03
         vertex -0.087 -0.053 -0.03
         vertex -0.087 -0.055 -0.032
      endloop
   endfacet
   facet normal 0.913812 -0.406138 0
      outer loop
         vertex -0.0680409 -0.0460921 -0.042
         vertex -0.0680409 -0.0460921 -0.032
         vertex -0.0713235 -0.0507855 -0.032
      endloop
   endfacet
   facet normal 0.694972 -0.719037 0
      outer loop
         vertex -0.0713235 -0.0507855 -0.042
         vertex -0.0713235 -0.0507855 -0.032
         vertex -0.076126 -0.0539065 -0.032
      endloop
   endfacet
   facet normal 0.374809 -0.927102 0
      outer loop
         vertex -0.076126 -0.0539065 -0.042
         vertex -0.076126 -0.0539065 -0.032
         vertex -0.0817481 -0.055 -0.032
      endloop
   endfacet
   facet normal 1.83697e-16 -1 0
      outer loop
         vertex -0.0817481 -0.055 -0.032
         vertex -0.0817481 -0.055 -0.042
         vertex -0.076126 -0.0539065 -0.042
      endloop
   endfacet
   facet normal 0.374809 -0.927102 0
      outer loop
         vertex -0.076126 -0.0539065 -0.032
         vertex -0.076126 -0.0539065 -0.042
         vertex -0.0713235 -0.0507855 -0.042
      endloop
   endfacet
   facet normal 0.694972 -0.719037 0
      outer loop
         vertex -0.0713235 -0.0507855 -0.032
         vertex -0.0713235 -0.0507855 -0.042
         vertex -0.0680409 -0.0460921 -0.042
      endloop
   endfacet
   facet normal 0.646162 -0.287183 0.707107
      outer loop
         vertex -0.0680409 -0.0460921 -0.032
         vertex -0.0698685 -0.0452798 -0.03
         vertex -0.0727135 -0.0493475 -0.03
      endloop
   endfacet
   facet normal 0.49142 -0.508436 0.707107
      outer loop
         vertex -0.0713235 -0.0507855 -0.032
         vertex -0.0727135 -0.0493475 -0.03
         vertex -0.0768756 -0.0520523 -0.03
      endloop
   endfacet
   facet normal 0.26503 -0.65556 0.707107
      outer loop
         vertex -0.076126 -0.0539065 -0.032
         vertex -0.0768756 -0.0520523 -0.03
         vertex -0.0817481 -0.053 -0.03
      endloop
   endfacet
   facet normal -2.22045e-16 -0.707107 0.707107
      outer loop
         vertex -0.0817481 -0.053 -0.03
         vertex -0.0817481 -0.055 -0.032
         vertex -0.076126 -0.0539065 -0.032
      endloop
   endfacet
   facet normal 0.26503 -0.65556 0.707107
      outer loop
         vertex -0.0768756 -0.0520523 -0.03
         vertex -0.076126 -0.0539065 -0.032
         vertex -0.0713235 -0.0507855 -0.032
      endloop
   endfacet
   facet normal 0.49142 -0.508436 0.707107
      outer loop
         vertex -0.0727135 -0.0493475 -0.03
         vertex -0.0713235 -0.0507855 -0.032
         vertex -0.0680409 -0.0460921 -0.032
      endloop
   endfacet
   facet normal 0.913812 -0.406138 0
      outer loop
         vertex -0.0680409 -0.0460921 -0.042
         vertex -0.0639591 -0.0369079 -0.042
         vertex -0.0639591 -0.0369079 -0.032
      endloop
   endfacet
   facet normal 0.913812 -0.406138 0
      outer loop
         vertex -0.0639591 -0.0369079 -0.032
         vertex -0.0680409 -0.0460921 -0.032
         vertex -0.0680409 -0.0460921 -0.042
      endloop
   endfacet
   facet normal 0.646162 -0.287183 0.707107
      outer loop
         vertex -0.0657867 -0.0360956 -0.03
         vertex -0.0698685 -0.0452798 -0.03
         vertex -0.0680409 -0.0460921 -0.032
      endloop
   endfacet
   facet normal 0.646162 -0.287183 0.707107
      outer loop
         vertex -0.0680409 -0.0460921 -0.032
         vertex -0.0639591 -0.0369079 -0.032
         vertex -0.0657867 -0.0360956 -0.03
      endloop
   endfacet
   facet normal 0.374809 -0.927102 0
      outer loop
         vertex -0.055874 -0.0290935 -0.042
         vertex -0.0502519 -0.028 -0.042
         vertex -0.0502519 -0.028 -0.032
      endloop
   endfacet
   facet normal 0.694972 -0.719037 0
      outer loop
         vertex -0.0606765 -0.0322145 -0.042
         vertex -0.055874 -0.0290935 -0.042
         vertex -0.055874 -0.0290935 -0.032
      endloop
   endfacet
   facet normal 0.913812 -0.406138 0
      outer loop
         vertex -0.0639591 -0.0369079 -0.042
         vertex -0.0606765 -0.0322145 -0.042
         vertex -0.0606765 -0.0322145 -0.032
      endloop
   endfacet
   facet normal 0.694972 -0.719037 0
      outer loop
         vertex -0.0606765 -0.0322145 -0.032
         vertex -0.0639591 -0.0369079 -0.032
         vertex -0.0639591 -0.0369079 -0.042
      endloop
   endfacet
   facet normal 0.374809 -0.927102 0
      outer loop
         vertex -0.055874 -0.0290935 -0.032
         vertex -0.0606765 -0.0322145 -0.032
         vertex -0.0606765 -0.0322145 -0.042
      endloop
   endfacet
   facet normal 6.12323e-17 -1 0
      outer loop
         vertex -0.0502519 -0.028 -0.032
         vertex -0.055874 -0.0290935 -0.032
         vertex -0.055874 -0.0290935 -0.042
      endloop
   endfacet
   facet normal -4.32978e-17 -0.707107 0.707107
      outer loop
         vertex -0.0502519 -0.026 -0.03
         vertex -0.0566237 -0.0272393 -0.03
         vertex -0.055874 -0.0290935 -0.032
      endloop
   endfacet
   facet normal 0.26503 -0.65556 0.707107
      outer loop
         vertex -0.0566237 -0.0272393 -0.03
         vertex -0.0620664 -0.0307764 -0.03
         vertex -0.0606765 -0.0322145 -0.032
      endloop
   endfacet
   facet normal 0.49142 -0.508436 0.707107
      outer loop
         vertex -0.0620664 -0.0307764 -0.03
         vertex -0.0657867 -0.0360956 -0.03
         vertex -0.0639591 -0.0369079 -0.032
      endloop
   endfacet
   facet normal 0.646162 -0.287183 0.707107
      outer loop
         vertex -0.0639591 -0.0369079 -0.032
         vertex -0.0606765 -0.0322145 -0.032
         vertex -0.0620664 -0.0307764 -0.03
      endloop
   endfacet
   facet normal 0.49142 -0.508436 0.707107
      outer loop
         vertex -0.0606765 -0.0322145 -0.032
         vertex -0.055874 -0.0290935 -0.032
         vertex -0.0566237 -0.0272393 -0.03
      endloop
   endfacet
   facet normal 0.26503 -0.65556 0.707107
      outer loop
         vertex -0.055874 -0.0290935 -0.032
         vertex -0.0502519 -0.028 -0.032
         vertex -0.0502519 -0.026 -0.03
      endloop
   endfacet
   facet normal -1.6137e-16 -1 0
      outer loop
         vertex -0.0502519 -0.028 -0.042
         vertex -0.0267481 -0.028 -0.042
         vertex -0.0267481 -0.028 -0.032
      endloop
   endfacet
   facet normal -1.6137e-16 -1 0
      outer loop
         vertex -0.0267481 -0.028 -0.032
         vertex -0.0502519 -0.028 -0.032
         vertex -0.0502519 -0.028 -0.042
      endloop
   endfacet
   facet normal -4.32978e-17 -0.707107 0.707107
      outer loop
         vertex -0.0267481 -0.026 -0.03
         vertex -0.0502519 -0.026 -0.03
         vertex -0.0502519 -0.028 -0.032
      endloop
   endfacet
   facet normal -4.32978e-17 -0.707107 0.707107
      outer loop
         vertex -0.0502519 -0.028 -0.032
         vertex -0.0267481 -0.028 -0.032
         vertex -0.0267481 -0.026 -0.03
      endloop
   endfacet
   facet normal -0.694972 -0.719037 0
      outer loop
         vertex -0.0163235 -0.0322145 -0.042
         vertex -0.0130409 -0.0369079 -0.042
         vertex -0.0130409 -0.0369079 -0.032
      endloop
   endfacet
   facet normal -0.374809 -0.927102 0
      outer loop
         vertex -0.021126 -0.0290935 -0.042
         vertex -0.0163235 -0.0322145 -0.042
         vertex -0.0163235 -0.0322145 -0.032
      endloop
   endfacet
   facet normal 6.12323e-17 -1 0
      outer loop
         vertex -0.0267481 -0.028 -0.042
         vertex -0.021126 -0.0290935 -0.042
         vertex -0.021126 -0.0290935 -0.032
      endloop
   endfacet
   facet normal -0.374809 -0.927102 0
      outer loop
         vertex -0.021126 -0.0290935 -0.032
         vertex -0.0267481 -0.028 -0.032
         vertex -0.0267481 -0.028 -0.042
      endloop
   endfacet
   facet normal -0.694972 -0.719037 0
      outer loop
         vertex -0.0163235 -0.0322145 -0.032
         vertex -0.021126 -0.0290935 -0.032
         vertex -0.021126 -0.0290935 -0.042
      endloop
   endfacet
   facet normal -0.913812 -0.406138 0
      outer loop
         vertex -0.0130409 -0.0369079 -0.032
         vertex -0.0163235 -0.0322145 -0.032
         vertex -0.0163235 -0.0322145 -0.042
      endloop
   endfacet
   facet normal -0.646162 -0.287183 0.707107
      outer loop
         vertex -0.0112133 -0.0360956 -0.03
         vertex -0.0149336 -0.0307764 -0.03
         vertex -0.0163235 -0.0322145 -0.032
      endloop
   endfacet
   facet normal -0.49142 -0.508436 0.707107
      outer loop
         vertex -0.0149336 -0.0307764 -0.03
         vertex -0.0203763 -0.0272393 -0.03
         vertex -0.021126 -0.0290935 -0.032
      endloop
   endfacet
   facet normal -0.26503 -0.65556 0.707107
      outer loop
         vertex -0.0203763 -0.0272393 -0.03
         vertex -0.0267481 -0.026 -0.03
         vertex -0.0267481 -0.028 -0.032
      endloop
   endfacet
   facet normal 1.66533e-16 -0.707107 0.707107
      outer loop
         vertex -0.0267481 -0.028 -0.032
         vertex -0.021126 -0.0290935 -0.032
         vertex -0.0203763 -0.0272393 -0.03
      endloop
   endfacet
   facet normal -0.26503 -0.65556 0.707107
      outer loop
         vertex -0.021126 -0.0290935 -0.032
         vertex -0.0163235 -0.0322145 -0.032
         vertex -0.0149336 -0.0307764 -0.03
      endloop
   endfacet
   facet normal -0.49142 -0.508436 0.707107
      outer loop
         vertex -0.0163235 -0.0322145 -0.032
         vertex -0.0130409 -0.0369079 -0.032
         vertex -0.0112133 -0.0360956 -0.03
      endloop
   endfacet
   facet normal -0.913812 -0.406138 0
      outer loop
         vertex -0.0130409 -0.0369079 -0.042
         vertex -0.00895908 -0.0460921 -0.042
         vertex -0.00895908 -0.0460921 -0.032
      endloop
   endfacet
   facet normal -0.913812 -0.406138 0
      outer loop
         vertex -0.00895908 -0.0460921 -0.032
         vertex -0.0130409 -0.0369079 -0.032
         vertex -0.0130409 -0.0369079 -0.042
      endloop
   endfacet
   facet normal -0.646162 -0.287183 0.707107
      outer loop
         vertex -0.0130409 -0.0369079 -0.032
         vertex -0.00895908 -0.0460921 -0.032
         vertex -0.00713145 -0.0452798 -0.03
      endloop
   endfacet
   facet normal -0.646162 -0.287183 0.707107
      outer loop
         vertex -0.00713145 -0.0452798 -0.03
         vertex -0.0112133 -0.0360956 -0.03
         vertex -0.0130409 -0.0369079 -0.032
      endloop
   endfacet
   facet normal 1.83697e-16 -1 0
      outer loop
         vertex 0.0047481 -0.055 -0.042
         vertex 0.0047481 -0.055 -0.032
         vertex -0.000874038 -0.0539065 -0.032
      endloop
   endfacet
   facet normal -0.374809 -0.927102 0
      outer loop
         vertex -0.000874038 -0.0539065 -0.042
         vertex -0.000874038 -0.0539065 -0.032
         vertex -0.00567649 -0.0507855 -0.032
      endloop
   endfacet
   facet normal -0.694972 -0.719037 0
      outer loop
         vertex -0.00567649 -0.0507855 -0.042
         vertex -0.00567649 -0.0507855 -0.032
         vertex -0.00895908 -0.0460921 -0.032
      endloop
   endfacet
   facet normal -0.913812 -0.406138 0
      outer loop
         vertex -0.00895908 -0.0460921 -0.032
         vertex -0.00895908 -0.0460921 -0.042
         vertex -0.00567649 -0.0507855 -0.042
      endloop
   endfacet
   facet normal -0.694972 -0.719037 0
      outer loop
         vertex -0.00567649 -0.0507855 -0.032
         vertex -0.00567649 -0.0507855 -0.042
         vertex -0.000874038 -0.0539065 -0.042
      endloop
   endfacet
   facet normal -0.374809 -0.927102 0
      outer loop
         vertex -0.000874038 -0.0539065 -0.032
         vertex -0.000874038 -0.0539065 -0.042
         vertex 0.0047481 -0.055 -0.042
      endloop
   endfacet
   facet normal 0 -1 0
      outer loop
         vertex 0.01 -0.055 -0.042
         vertex 0.01 -0.055 -0.032
         vertex 0.0047481 -0.055 -0.032
      endloop
   endfacet
   facet normal 0 -1 0
      outer loop
         vertex 0.0047481 -0.055 -0.032
         vertex 0.0047481 -0.055 -0.042
         vertex 0.01 -0.055 -0.042
      endloop
   endfacet
   facet normal 1.29893e-16 -0.707107 0.707107
      outer loop
         vertex 0.0047481 -0.055 -0.032
         vertex 0.0047481 -0.053 -0.03
         vertex -0.00012442 -0.0520523 -0.03
      endloop
   endfacet
   facet normal -0.26503 -0.65556 0.707107
      outer loop
         vertex -0.000874038 -0.0539065 -0.032
         vertex -0.00012442 -0.0520523 -0.03
         vertex -0.00428654 -0.0493475 -0.03
      endloop
   endfacet
   facet normal -0.49142 -0.508436 0.707107
      outer loop
         vertex -0.00567649 -0.0507855 -0.032
         vertex -0.00428654 -0.0493475 -0.03
         vertex -0.00713145 -0.0452798 -0.03
      endloop
   endfacet
   facet normal -0.646162 -0.287183 0.707107
      outer loop
         vertex -0.00713145 -0.0452798 -0.03
         vertex -0.00895908 -0.0460921 -0.032
         vertex -0.00567649 -0.0507855 -0.032
      endloop
   endfacet
   facet normal -0.49142 -0.508436 0.707107
      outer loop
         vertex -0.00428654 -0.0493475 -0.03
         vertex -0.00567649 -0.0507855 -0.032
         vertex -0.000874038 -0.0539065 -0.032
      endloop
   endfacet
   facet normal -0.26503 -0.65556 0.707107
      outer loop
         vertex -0.00012442 -0.0520523 -0.03
         vertex -0.000874038 -0.0539065 -0.032
         vertex 0.0047481 -0.055 -0.032
      endloop
   endfacet
   facet normal 1 1.22465e-16 0
      outer loop
         vertex 0.025 -0.04 -0.042
         vertex 0.025 -0.04 -0.032
         vertex 0.0238582 -0.0457403 -0.032
      endloop
   endfacet
   facet normal 0.92388 -0.382683 0
      outer loop
         vertex 0.0238582 -0.0457403 -0.042
         vertex 0.0238582 -0.0457403 -0.032
         vertex 0.0206066 -0.0506066 -0.032
      endloop
   endfacet
   facet normal 0.707107 -0.707107 0
      outer loop
         vertex 0.0206066 -0.0506066 -0.042
         vertex 0.0206066 -0.0506066 -0.032
         vertex 0.0157403 -0.0538582 -0.032
      endloop
   endfacet
   facet normal 0.382683 -0.92388 0
      outer loop
         vertex 0.0157403 -0.0538582 -0.042
         vertex 0.0157403 -0.0538582 -0.032
         vertex 0.01 -0.055 -0.032
      endloop
   endfacet
   facet normal 1.83697e-16 -1 0
      outer loop
         vertex 0.01 -0.055 -0.032
         vertex 0.01 -0.055 -0.042
         vertex 0.0157403 -0.0538582 -0.042
      endloop
   endfacet
   facet normal 0.382683 -0.92388 0
      outer loop
         vertex 0.0157403 -0.0538582 -0.032
         vertex 0.0157403 -0.0538582 -0.042
         vertex 0.0206066 -0.0506066 -0.042
      endloop
   endfacet
   facet normal 0.707107 -0.707107 0
      outer loop
         vertex 0.0206066 -0.0506066 -0.032
         vertex 0.0206066 -0.0506066 -0.042
         vertex 0.0238582 -0.0457403 -0.042
      endloop
   endfacet
   facet normal 0.92388 -0.382683 0
      outer loop
         vertex 0.0238582 -0.0457403 -0.032
         vertex 0.0238582 -0.0457403 -0.042
         vertex 0.025 -0.04 -0.042
      endloop
   endfacet
   facet normal 0 -0.707107 0.707107
      outer loop
         vertex 0.0047481 -0.055 -0.032
         vertex 0.01 -0.055 -0.032
         vertex 0.01 -0.053 -0.03
      endloop
   endfacet
   facet normal 0 -0.707107 0.707107
      outer loop
         vertex 0.01 -0.053 -0.03
         vertex 0.0047481 -0.053 -0.03
         vertex 0.0047481 -0.055 -0.032
      endloop
   endfacet
   facet normal 0.707107 8.65956e-17 0.707107
      outer loop
         vertex 0.025 -0.04 -0.032
         vertex 0.023 -0.04 -0.03
         vertex 0.0220104 -0.0449749 -0.03
      endloop
   endfacet
   facet normal 0.653281 -0.270598 0.707107
      outer loop
         vertex 0.0238582 -0.0457403 -0.032
         vertex 0.0220104 -0.0449749 -0.03
         vertex 0.0191924 -0.0491924 -0.03
      endloop
   endfacet
   facet normal 0.5 -0.5 0.707107
      outer loop
         vertex 0.0206066 -0.0506066 -0.032
         vertex 0.0191924 -0.0491924 -0.03
         vertex 0.0149749 -0.0520104 -0.03
      endloop
   endfacet
   facet normal 0.270598 -0.653281 0.707107
      outer loop
         vertex 0.0157403 -0.0538582 -0.032
         vertex 0.0149749 -0.0520104 -0.03
         vertex 0.01 -0.053 -0.03
      endloop
   endfacet
   facet normal -7.85046e-17 -0.707107 0.707107
      outer loop
         vertex 0.01 -0.053 -0.03
         vertex 0.01 -0.055 -0.032
         vertex 0.0157403 -0.0538582 -0.032
      endloop
   endfacet
   facet normal 0.270598 -0.653281 0.707107
      outer loop
         vertex 0.0149749 -0.0520104 -0.03
         vertex 0.0157403 -0.0538582 -0.032
         vertex 0.0206066 -0.0506066 -0.032
      endloop
   endfacet
   facet normal 0.5 -0.5 0.707107
      outer loop
         vertex 0.0191924 -0.0491924 -0.03
         vertex 0.0206066 -0.0506066 -0.032
         vertex 0.0238582 -0.0457403 -0.032
      endloop
   endfacet
   facet normal 0.653281 -0.270598 0.707107
      outer loop
         vertex 0.0220104 -0.0449749 -0.03
         vertex 0.0238582 -0.0457403 -0.032
         vertex 0.025 -0.04 -0.032
      endloop
   endfacet
   facet normal 0.707107 -6.69073e-17 0.707107
      outer loop
         vertex 0.023 -0.04 -0.03
         vertex 0.025 -0.04 -0.032
         vertex 0.025 -0.022 -0.032
      endloop
   endfacet
   facet normal 0.707107 -6.69073e-17 0.707107
      outer loop
         vertex 0.025 -0.022 -0.032
         vertex 0.023 -0.022 -0.03
         vertex 0.023 -0.04 -0.03
      endloop
   endfacet
   facet normal 0 0 -1
      outer loop
         vertex -0.00895908 0.0460921 -0.042
         vertex 0.00507351 0.0406264 -0.042
         vertex 0.00475 0.039 -0.042
      endloop
   endfacet
   facet normal 0 0 -1
      outer loop
         vertex 0.00475 0.039 -0.042
         vertex -0.0163235 0.0322145 -0.042
         vertex -0.0130409 0.0369079 -0.042
      endloop
   endfacet
   facet normal 0 0 -1
      outer loop
         vertex 0.00475 0.039 -0.042
         vertex -0.021126 0.0290935 -0.042
         vertex -0.0163235 0.0322145 -0.042
      endloop
   endfacet
   facet normal 0 0 -1
      outer loop
         vertex -0.00567649 0.0507855 -0.042
         vertex 0.0059948 0.0420052 -0.042
         vertex 0.00507351 0.0406264 -0.042
      endloop
   endfacet
   facet normal 0 0 -1
      outer loop
         vertex -0.000874038 0.0539065 -0.042
         vertex 0.0047481 0.055 -0.042
         vertex 0.0073736 0.0429265 -0.042
      endloop
   endfacet
   facet normal 0 0 -1
      outer loop
         vertex 0.00507351 -0.0373736 -0.042
         vertex 0.00475 -0.039 -0.042
         vertex -0.0130409 -0.0369079 -0.042
      endloop
   endfacet
   facet normal 0 0 -1
      outer loop
         vertex 0.00507351 0.0406264 -0.042
         vertex -0.00895908 0.0460921 -0.042
         vertex -0.00567649 0.0507855 -0.042
      endloop
   endfacet
   facet normal 0 0 -1
      outer loop
         vertex 0.0059948 0.0420052 -0.042
         vertex -0.00567649 0.0507855 -0.042
         vertex -0.000874038 0.0539065 -0.042
      endloop
   endfacet
   facet normal 0 0 -1
      outer loop
         vertex 0.0047481 0.055 -0.042
         vertex 0.01 0.055 -0.042
         vertex 0.009 0.04325 -0.042
      endloop
   endfacet
   facet normal 0 0 -1
      outer loop
         vertex 0.01 0.055 -0.042
         vertex 0.0157403 0.0538582 -0.042
         vertex 0.0106264 0.0429265 -0.042
      endloop
   endfacet
   facet normal 0 0 -1
      outer loop
         vertex -0.0130409 -0.0369079 -0.042
         vertex -0.0163235 -0.0322145 -0.042
         vertex 0.00507351 -0.0373736 -0.042
      endloop
   endfacet
   facet normal 0 0 -1
      outer loop
         vertex 0.025 0.04 -0.042
         vertex 0.0106264 -0.0350735 -0.042
         vertex 0.0120052 0.0359948 -0.042
      endloop
   endfacet
   facet normal 0 0 -1
      outer loop
         vertex 0.0073736 0.0350735 -0.042
         vertex 0.009 0.03475 -0.042
         vertex 0.009 -0.03475 -0.042
      endloop
   endfacet
   facet normal 0 0 -1
      outer loop
         vertex 0.0106264 -0.0350735 -0.042
         vertex 0.009 -0.03475 -0.042
         vertex 0.009 0.03475 -0.042
      endloop
   endfacet
   facet normal 0 0 -1
      outer loop
         vertex -0.0820735 0.0373736 -0.042
         vertex -0.08175 0.039 -0.042
         vertex -0.0639591 0.0369079 -0.042
      endloop
   endfacet
   facet normal 0 0 -1
      outer loop
         vertex 0.0073736 0.0429265 -0.042
         vertex 0.0059948 0.0420052 -0.042
         vertex -0.000874038 0.0539065 -0.042
      endloop
   endfacet
   facet normal 0 0 -1
      outer loop
         vertex 0.0106264 0.0429265 -0.042
         vertex 0.009 0.04325 -0.042
         vertex 0.01 0.055 -0.042
      endloop
   endfacet
   facet normal 0 0 -1
      outer loop
         vertex -0.021126 -0.0290935 -0.042
         vertex 0.0059948 -0.0359948 -0.042
         vertex 0.00507351 -0.0373736 -0.042
      endloop
   endfacet
   facet normal 0 0 -1
      outer loop
         vertex 0.0073736 0.0350735 -0.042
         vertex 0.0073736 -0.0350735 -0.042
         vertex 0.0059948 -0.0359948 -0.042
      endloop
   endfacet
   facet normal 0 0 -1
      outer loop
         vertex 0.0106264 -0.0350735 -0.042
         vertex 0.0106264 0.0350735 -0.042
         vertex 0.0120052 0.0359948 -0.042
      endloop
   endfacet
   facet normal 0 0 -1
      outer loop
         vertex 0.009 0.03475 -0.042
         vertex 0.0106264 0.0350735 -0.042
         vertex 0.0106264 -0.0350735 -0.042
      endloop
   endfacet
   facet normal 0 0 -1
      outer loop
         vertex -0.0639591 0.0369079 -0.042
         vertex -0.0606765 0.0322145 -0.042
         vertex -0.0820735 0.0373736 -0.042
      endloop
   endfacet
   facet normal 0 0 -1
      outer loop
         vertex 0.009 0.04325 -0.042
         vertex 0.0073736 0.0429265 -0.042
         vertex 0.0047481 0.055 -0.042
      endloop
   endfacet
   facet normal 0 0 -1
      outer loop
         vertex 0.0157403 0.0538582 -0.042
         vertex 0.0206066 0.0506066 -0.042
         vertex 0.0120052 0.0420052 -0.042
      endloop
   endfacet
   facet normal 0 0 -1
      outer loop
         vertex 0.0059948 -0.0359948 -0.042
         vertex -0.021126 -0.0290935 -0.042
         vertex 0.0073736 0.0350735 -0.042
      endloop
   endfacet
   facet normal 0 0 -1
      outer loop
         vertex 0.009 -0.03475 -0.042
         vertex 0.0073736 -0.0350735 -0.042
         vertex 0.0073736 0.0350735 -0.042
      endloop
   endfacet
   facet normal 0 0 -1
      outer loop
         vertex -0.055874 0.0290935 -0.042
         vertex -0.0829948 0.0359948 -0.042
         vertex -0.0820735 0.0373736 -0.042
      endloop
   endfacet
   facet normal 0 0 -1
      outer loop
         vertex -0.0843736 -0.0350735 -0.042
         vertex -0.0843736 0.0350735 -0.042
         vertex -0.0829948 0.0359948 -0.042
      endloop
   endfacet
   facet normal 0 0 -1
      outer loop
         vertex -0.0876264 0.0350735 -0.042
         vertex -0.086 0.03475 -0.042
         vertex -0.086 -0.03475 -0.042
      endloop
   endfacet
   facet normal 0 0 -1
      outer loop
         vertex -0.0843736 -0.0350735 -0.042
         vertex -0.086 -0.03475 -0.042
         vertex -0.086 0.03475 -0.042
      endloop
   endfacet
   facet normal 0 0 -1
      outer loop
         vertex 0.0120052 0.0420052 -0.042
         vertex 0.0106264 0.0429265 -0.042
         vertex 0.0157403 0.0538582 -0.042
      endloop
   endfacet
   facet normal 0 0 -1
      outer loop
         vertex 0.0238582 0.0457403 -0.042
         vertex 0.0129265 0.0406264 -0.042
         vertex 0.0120052 0.0420052 -0.042
      endloop
   endfacet
   facet normal 0 0 -1
      outer loop
         vertex 0.025 0.04 -0.042
         vertex 0.01325 0.039 -0.042
         vertex 0.0129265 0.0406264 -0.042
      endloop
   endfacet
   facet normal 0 0 -1
      outer loop
         vertex 0.0120052 0.0359948 -0.042
         vertex 0.0129265 0.0373736 -0.042
         vertex 0.025 0.04 -0.042
      endloop
   endfacet
   facet normal 0 0 -1
      outer loop
         vertex -0.0829948 0.0359948 -0.042
         vertex -0.055874 0.0290935 -0.042
         vertex -0.0843736 -0.0350735 -0.042
      endloop
   endfacet
   facet normal 0 0 -1
      outer loop
         vertex -0.086 0.03475 -0.042
         vertex -0.0843736 0.0350735 -0.042
         vertex -0.0843736 -0.0350735 -0.042
      endloop
   endfacet
   facet normal 0 0 -1
      outer loop
         vertex 0.0120052 0.0420052 -0.042
         vertex 0.0206066 0.0506066 -0.042
         vertex 0.0238582 0.0457403 -0.042
      endloop
   endfacet
   facet normal 0 0 -1
      outer loop
         vertex 0.025 0.04 -0.042
         vertex 0.0129265 0.0373736 -0.042
         vertex 0.01325 0.039 -0.042
      endloop
   endfacet
   facet normal 0 0 -1
      outer loop
         vertex 0.025 0.04 -0.042
         vertex 0.0120052 -0.0359948 -0.042
         vertex 0.0106264 -0.0350735 -0.042
      endloop
   endfacet
   facet normal 0 0 -1
      outer loop
         vertex 0.025 -0.04 -0.042
         vertex 0.0129265 -0.0373736 -0.042
         vertex 0.0120052 -0.0359948 -0.042
      endloop
   endfacet
   facet normal 0 0 -1
      outer loop
         vertex -0.102 -0.04 -0.042
         vertex -0.102 0.04 -0.042
         vertex -0.0890052 -0.0359948 -0.042
      endloop
   endfacet
   facet normal 0 0 -1
      outer loop
         vertex -0.086 -0.03475 -0.042
         vertex -0.0876264 -0.0350735 -0.042
         vertex -0.0876264 0.0350735 -0.042
      endloop
   endfacet
   facet normal 0 0 -1
      outer loop
         vertex -0.102 0.04 -0.042
         vertex -0.0899265 0.0373736 -0.042
         vertex -0.0890052 0.0359948 -0.042
      endloop
   endfacet
   facet normal 0 0 -1
      outer loop
         vertex -0.0829948 -0.0359948 -0.042
         vertex -0.021126 0.0290935 -0.042
         vertex -0.055874 -0.0290935 -0.042
      endloop
   endfacet
   facet normal 0 0 -1
      outer loop
         vertex 0.0059948 0.0359948 -0.042
         vertex -0.055874 -0.0290935 -0.042
         vertex -0.021126 0.0290935 -0.042
      endloop
   endfacet
   facet normal 0 0 -1
      outer loop
         vertex -0.0680409 -0.0460921 -0.042
         vertex -0.0820735 -0.0406264 -0.042
         vertex -0.08175 -0.039 -0.042
      endloop
   endfacet
   facet normal 0 0 -1
      outer loop
         vertex -0.102 0.04 -0.042
         vertex -0.100858 0.0457403 -0.042
         vertex -0.0899265 0.0406264 -0.042
      endloop
   endfacet
   facet normal 0 0 -1
      outer loop
         vertex -0.100858 0.0457403 -0.042
         vertex -0.0976066 0.0506066 -0.042
         vertex -0.0890052 0.0420052 -0.042
      endloop
   endfacet
   facet normal 0 0 -1
      outer loop
         vertex 0.0129265 0.0406264 -0.042
         vertex 0.0238582 0.0457403 -0.042
         vertex 0.025 0.04 -0.042
      endloop
   endfacet
   facet normal 0 0 -1
      outer loop
         vertex 0.0120052 -0.0359948 -0.042
         vertex 0.025 0.04 -0.042
         vertex 0.025 -0.04 -0.042
      endloop
   endfacet
   facet normal 0 0 -1
      outer loop
         vertex 0.025 -0.04 -0.042
         vertex 0.0238582 -0.0457403 -0.042
         vertex 0.0129265 -0.0406264 -0.042
      endloop
   endfacet
   facet normal 0 0 -1
      outer loop
         vertex 0.0238582 -0.0457403 -0.042
         vertex 0.0206066 -0.0506066 -0.042
         vertex 0.0120052 -0.0420052 -0.042
      endloop
   endfacet
   facet normal 0 0 -1
      outer loop
         vertex 0.0157403 -0.0538582 -0.042
         vertex 0.0106264 -0.0429265 -0.042
         vertex 0.0120052 -0.0420052 -0.042
      endloop
   endfacet
   facet normal 0 0 -1
      outer loop
         vertex 0.01 -0.055 -0.042
         vertex 0.009 -0.04325 -0.042
         vertex 0.0106264 -0.0429265 -0.042
      endloop
   endfacet
   facet normal 0 0 -1
      outer loop
         vertex 0.0047481 -0.055 -0.042
         vertex 0.0073736 -0.0429265 -0.042
         vertex 0.009 -0.04325 -0.042
      endloop
   endfacet
   facet normal 0 0 -1
      outer loop
         vertex -0.0890052 -0.0359948 -0.042
         vertex -0.0899265 -0.0373736 -0.042
         vertex -0.102 -0.04 -0.042
      endloop
   endfacet
   facet normal 0 0 -1
      outer loop
         vertex -0.0876264 -0.0350735 -0.042
         vertex -0.0890052 0.0359948 -0.042
         vertex -0.0876264 0.0350735 -0.042
      endloop
   endfacet
   facet normal 0 0 -1
      outer loop
         vertex -0.102 0.04 -0.042
         vertex -0.09025 0.039 -0.042
         vertex -0.0899265 0.0373736 -0.042
      endloop
   endfacet
   facet normal 0 0 -1
      outer loop
         vertex -0.0829948 -0.0359948 -0.042
         vertex -0.0843736 -0.0350735 -0.042
         vertex -0.055874 0.0290935 -0.042
      endloop
   endfacet
   facet normal 0 0 -1
      outer loop
         vertex 0.0059948 0.0359948 -0.042
         vertex 0.0073736 0.0350735 -0.042
         vertex -0.021126 -0.0290935 -0.042
      endloop
   endfacet
   facet normal 0 0 -1
      outer loop
         vertex -0.021126 0.0290935 -0.042
         vertex 0.00507351 0.0373736 -0.042
         vertex 0.0059948 0.0359948 -0.042
      endloop
   endfacet
   facet normal 0 0 -1
      outer loop
         vertex -0.08175 -0.039 -0.042
         vertex -0.0606765 -0.0322145 -0.042
         vertex -0.0639591 -0.0369079 -0.042
      endloop
   endfacet
   facet normal 0 0 -1
      outer loop
         vertex -0.0890052 0.0420052 -0.042
         vertex -0.0899265 0.0406264 -0.042
         vertex -0.100858 0.0457403 -0.042
      endloop
   endfacet
   facet normal 0 0 -1
      outer loop
         vertex -0.0927403 0.0538582 -0.042
         vertex -0.0876264 0.0429265 -0.042
         vertex -0.0890052 0.0420052 -0.042
      endloop
   endfacet
   facet normal 0 0 -1
      outer loop
         vertex -0.087 0.055 -0.042
         vertex -0.086 0.04325 -0.042
         vertex -0.0876264 0.0429265 -0.042
      endloop
   endfacet
   facet normal 0 0 -1
      outer loop
         vertex -0.0817481 0.055 -0.042
         vertex -0.0843736 0.0429265 -0.042
         vertex -0.086 0.04325 -0.042
      endloop
   endfacet
   facet normal 0 0 -1
      outer loop
         vertex -0.0163235 -0.0322145 -0.042
         vertex -0.021126 -0.0290935 -0.042
         vertex 0.00507351 -0.0373736 -0.042
      endloop
   endfacet
   facet normal 0 0 -1
      outer loop
         vertex 0.0129265 -0.0406264 -0.042
         vertex 0.01325 -0.039 -0.042
         vertex 0.025 -0.04 -0.042
      endloop
   endfacet
   facet normal 0 0 -1
      outer loop
         vertex 0.0120052 -0.0420052 -0.042
         vertex 0.0206066 -0.0506066 -0.042
         vertex 0.0157403 -0.0538582 -0.042
      endloop
   endfacet
   facet normal 0 0 -1
      outer loop
         vertex 0.009 -0.04325 -0.042
         vertex 0.01 -0.055 -0.042
         vertex 0.0047481 -0.055 -0.042
      endloop
   endfacet
   facet normal 0 0 -1
      outer loop
         vertex -0.000874038 -0.0539065 -0.042
         vertex 0.0059948 -0.0420052 -0.042
         vertex 0.0073736 -0.0429265 -0.042
      endloop
   endfacet
   facet normal 0 0 -1
      outer loop
         vertex -0.00567649 -0.0507855 -0.042
         vertex -0.00895908 -0.0460921 -0.042
         vertex 0.00507351 -0.0406264 -0.042
      endloop
   endfacet
   facet normal 0 0 -1
      outer loop
         vertex -0.00895908 -0.0460921 -0.042
         vertex -0.0130409 -0.0369079 -0.042
         vertex 0.00475 -0.039 -0.042
      endloop
   endfacet
   facet normal 0 0 -1
      outer loop
         vertex -0.102 0.04 -0.042
         vertex -0.0876264 -0.0350735 -0.042
         vertex -0.0890052 -0.0359948 -0.042
      endloop
   endfacet
   facet normal 0 0 -1
      outer loop
         vertex -0.0890052 0.0359948 -0.042
         vertex -0.0876264 -0.0350735 -0.042
         vertex -0.102 0.04 -0.042
      endloop
   endfacet
   facet normal 0 0 -1
      outer loop
         vertex -0.055874 0.0290935 -0.042
         vertex -0.0502519 0.028 -0.042
         vertex -0.0829948 -0.0359948 -0.042
      endloop
   endfacet
   facet normal 0 0 -1
      outer loop
         vertex -0.021126 -0.0290935 -0.042
         vertex -0.0267481 -0.028 -0.042
         vertex 0.0059948 0.0359948 -0.042
      endloop
   endfacet
   facet normal 0 0 -1
      outer loop
         vertex -0.021126 0.0290935 -0.042
         vertex 0.00475 0.039 -0.042
         vertex 0.00507351 0.0373736 -0.042
      endloop
   endfacet
   facet normal 0 0 -1
      outer loop
         vertex -0.08175 -0.039 -0.042
         vertex -0.055874 -0.0290935 -0.042
         vertex -0.0606765 -0.0322145 -0.042
      endloop
   endfacet
   facet normal 0 0 -1
      outer loop
         vertex -0.0713235 -0.0507855 -0.042
         vertex -0.0829948 -0.0420052 -0.042
         vertex -0.0820735 -0.0406264 -0.042
      endloop
   endfacet
   facet normal 0 0 -1
      outer loop
         vertex -0.076126 -0.0539065 -0.042
         vertex -0.0817481 -0.055 -0.042
         vertex -0.0843736 -0.0429265 -0.042
      endloop
   endfacet
   facet normal 0 0 -1
      outer loop
         vertex -0.0890052 0.0420052 -0.042
         vertex -0.0976066 0.0506066 -0.042
         vertex -0.0927403 0.0538582 -0.042
      endloop
   endfacet
   facet normal 0 0 -1
      outer loop
         vertex -0.086 0.04325 -0.042
         vertex -0.087 0.055 -0.042
         vertex -0.0817481 0.055 -0.042
      endloop
   endfacet
   facet normal 0 0 -1
      outer loop
         vertex -0.076126 0.0539065 -0.042
         vertex -0.0829948 0.0420052 -0.042
         vertex -0.0843736 0.0429265 -0.042
      endloop
   endfacet
   facet normal 0 0 -1
      outer loop
         vertex 0.01325 -0.039 -0.042
         vertex 0.0129265 -0.0373736 -0.042
         vertex 0.025 -0.04 -0.042
      endloop
   endfacet
   facet normal 0 0 -1
      outer loop
         vertex 0.0106264 -0.0429265 -0.042
         vertex 0.0157403 -0.0538582 -0.042
         vertex 0.01 -0.055 -0.042
      endloop
   endfacet
   facet normal 0 0 -1
      outer loop
         vertex 0.0073736 -0.0429265 -0.042
         vertex 0.0047481 -0.055 -0.042
         vertex -0.000874038 -0.0539065 -0.042
      endloop
   endfacet
   facet normal 0 0 -1
      outer loop
         vertex 0.00475 -0.039 -0.042
         vertex 0.00507351 -0.0406264 -0.042
         vertex -0.00895908 -0.0460921 -0.042
      endloop
   endfacet
   facet normal 0 0 -1
      outer loop
         vertex -0.0606765 0.0322145 -0.042
         vertex -0.055874 0.0290935 -0.042
         vertex -0.0820735 0.0373736 -0.042
      endloop
   endfacet
   facet normal 0 0 -1
      outer loop
         vertex -0.0502519 0.028 -0.042
         vertex -0.0267481 0.028 -0.042
         vertex -0.0829948 -0.0359948 -0.042
      endloop
   endfacet
   facet normal 0 0 -1
      outer loop
         vertex -0.0267481 -0.028 -0.042
         vertex -0.0502519 -0.028 -0.042
         vertex 0.0059948 0.0359948 -0.042
      endloop
   endfacet
   facet normal 0 0 -1
      outer loop
         vertex -0.055874 -0.0290935 -0.042
         vertex -0.08175 -0.039 -0.042
         vertex -0.0820735 -0.0373736 -0.042
      endloop
   endfacet
   facet normal 0 0 -1
      outer loop
         vertex -0.0820735 -0.0406264 -0.042
         vertex -0.0680409 -0.0460921 -0.042
         vertex -0.0713235 -0.0507855 -0.042
      endloop
   endfacet
   facet normal 0 0 -1
      outer loop
         vertex -0.0829948 -0.0420052 -0.042
         vertex -0.0713235 -0.0507855 -0.042
         vertex -0.076126 -0.0539065 -0.042
      endloop
   endfacet
   facet normal 0 0 -1
      outer loop
         vertex -0.0817481 -0.055 -0.042
         vertex -0.087 -0.055 -0.042
         vertex -0.086 -0.04325 -0.042
      endloop
   endfacet
   facet normal 0 0 -1
      outer loop
         vertex -0.087 -0.055 -0.042
         vertex -0.0927403 -0.0538582 -0.042
         vertex -0.0876264 -0.0429265 -0.042
      endloop
   endfacet
   facet normal 0 0 -1
      outer loop
         vertex -0.0876264 0.0429265 -0.042
         vertex -0.0927403 0.0538582 -0.042
         vertex -0.087 0.055 -0.042
      endloop
   endfacet
   facet normal 0 0 -1
      outer loop
         vertex -0.0843736 0.0429265 -0.042
         vertex -0.0817481 0.055 -0.042
         vertex -0.076126 0.0539065 -0.042
      endloop
   endfacet
   facet normal 0 0 -1
      outer loop
         vertex -0.0713235 0.0507855 -0.042
         vertex -0.0680409 0.0460921 -0.042
         vertex -0.0820735 0.0406264 -0.042
      endloop
   endfacet
   facet normal 0 0 -1
      outer loop
         vertex -0.0680409 0.0460921 -0.042
         vertex -0.0639591 0.0369079 -0.042
         vertex -0.08175 0.039 -0.042
      endloop
   endfacet
   facet normal 0 0 -1
      outer loop
         vertex 0.0120052 -0.0420052 -0.042
         vertex 0.0129265 -0.0406264 -0.042
         vertex 0.0238582 -0.0457403 -0.042
      endloop
   endfacet
   facet normal 0 0 -1
      outer loop
         vertex 0.00507351 -0.0406264 -0.042
         vertex 0.0059948 -0.0420052 -0.042
         vertex -0.00567649 -0.0507855 -0.042
      endloop
   endfacet
   facet normal 0 0 -1
      outer loop
         vertex -0.0267481 0.028 -0.042
         vertex -0.021126 0.0290935 -0.042
         vertex -0.0829948 -0.0359948 -0.042
      endloop
   endfacet
   facet normal 0 0 -1
      outer loop
         vertex -0.055874 -0.0290935 -0.042
         vertex -0.0820735 -0.0373736 -0.042
         vertex -0.0829948 -0.0359948 -0.042
      endloop
   endfacet
   facet normal 0 0 -1
      outer loop
         vertex -0.0843736 -0.0429265 -0.042
         vertex -0.0829948 -0.0420052 -0.042
         vertex -0.076126 -0.0539065 -0.042
      endloop
   endfacet
   facet normal 0 0 -1
      outer loop
         vertex -0.0876264 -0.0429265 -0.042
         vertex -0.086 -0.04325 -0.042
         vertex -0.087 -0.055 -0.042
      endloop
   endfacet
   facet normal 0 0 -1
      outer loop
         vertex -0.076126 0.0539065 -0.042
         vertex -0.0713235 0.0507855 -0.042
         vertex -0.0829948 0.0420052 -0.042
      endloop
   endfacet
   facet normal 0 0 -1
      outer loop
         vertex -0.08175 0.039 -0.042
         vertex -0.0820735 0.0406264 -0.042
         vertex -0.0680409 0.0460921 -0.042
      endloop
   endfacet
   facet normal 0 0 -1
      outer loop
         vertex -0.000874038 -0.0539065 -0.042
         vertex -0.00567649 -0.0507855 -0.042
         vertex 0.0059948 -0.0420052 -0.042
      endloop
   endfacet
   facet normal 0 0 -1
      outer loop
         vertex -0.0502519 -0.028 -0.042
         vertex -0.055874 -0.0290935 -0.042
         vertex 0.0059948 0.0359948 -0.042
      endloop
   endfacet
   facet normal 0 0 -1
      outer loop
         vertex -0.086 -0.04325 -0.042
         vertex -0.0843736 -0.0429265 -0.042
         vertex -0.0817481 -0.055 -0.042
      endloop
   endfacet
   facet normal 0 0 -1
      outer loop
         vertex -0.0927403 -0.0538582 -0.042
         vertex -0.0976066 -0.0506066 -0.042
         vertex -0.0890052 -0.0420052 -0.042
      endloop
   endfacet
   facet normal 0 0 -1
      outer loop
         vertex -0.100858 -0.0457403 -0.042
         vertex -0.0899265 -0.0406264 -0.042
         vertex -0.0890052 -0.0420052 -0.042
      endloop
   endfacet
   facet normal 0 0 -1
      outer loop
         vertex -0.102 -0.04 -0.042
         vertex -0.09025 -0.039 -0.042
         vertex -0.0899265 -0.0406264 -0.042
      endloop
   endfacet
   facet normal 0 0 -1
      outer loop
         vertex -0.0820735 0.0406264 -0.042
         vertex -0.0829948 0.0420052 -0.042
         vertex -0.0713235 0.0507855 -0.042
      endloop
   endfacet
   facet normal 0 0 -1
      outer loop
         vertex -0.0899265 -0.0373736 -0.042
         vertex -0.09025 -0.039 -0.042
         vertex -0.102 -0.04 -0.042
      endloop
   endfacet
   facet normal 0 0 -1
      outer loop
         vertex -0.0890052 -0.0420052 -0.042
         vertex -0.0876264 -0.0429265 -0.042
         vertex -0.0927403 -0.0538582 -0.042
      endloop
   endfacet
   facet normal 0 0 -1
      outer loop
         vertex -0.0899265 -0.0406264 -0.042
         vertex -0.100858 -0.0457403 -0.042
         vertex -0.102 -0.04 -0.042
      endloop
   endfacet
   facet normal 0 0 -1
      outer loop
         vertex 0.00475 0.039 -0.042
         vertex -0.0130409 0.0369079 -0.042
         vertex -0.00895908 0.0460921 -0.042
      endloop
   endfacet
   facet normal 0 0 -1
      outer loop
         vertex -0.0890052 -0.0420052 -0.042
         vertex -0.0976066 -0.0506066 -0.042
         vertex -0.100858 -0.0457403 -0.042
      endloop
   endfacet
   facet normal 0 0 -1
      outer loop
         vertex -0.08175 -0.039 -0.042
         vertex -0.0639591 -0.0369079 -0.042
         vertex -0.0680409 -0.0460921 -0.042
      endloop
   endfacet
   facet normal 0 0 -1
      outer loop
         vertex -0.0899265 0.0406264 -0.042
         vertex -0.09025 0.039 -0.042
         vertex -0.102 0.04 -0.042
      endloop
   endfacet
   facet normal 0 0 1
      outer loop
         vertex 0.023 -0.022 -0.03
         vertex -0.0203763 -0.0272393 -0.03
         vertex 0.0073736 -0.0350735 -0.03
      endloop
   endfacet
   facet normal 0 0 1
      outer loop
         vertex 0.023 -0.022 -0.03
         vertex -0.0267481 -0.026 -0.03
         vertex -0.0203763 -0.0272393 -0.03
      endloop
   endfacet
   facet normal 0 0 1
      outer loop
         vertex -0.1 -0.022 -0.03
         vertex -0.0502519 -0.026 -0.03
         vertex -0.0267481 -0.026 -0.03
      endloop
   endfacet
   facet normal 0 0 1
      outer loop
         vertex -0.1 -0.022 -0.03
         vertex -0.086 -0.03475 -0.03
         vertex -0.0843736 -0.0350735 -0.03
      endloop
   endfacet
   facet normal 0 0 1
      outer loop
         vertex -0.0267481 -0.026 -0.03
         vertex 0.023 -0.022 -0.03
         vertex -0.1 -0.022 -0.03
      endloop
   endfacet
   facet normal 0 0 1
      outer loop
         vertex -0.0843736 -0.0350735 -0.03
         vertex -0.0566237 -0.0272393 -0.03
         vertex -0.1 -0.022 -0.03
      endloop
   endfacet
   facet normal 0 0 1
      outer loop
         vertex -0.0566237 -0.0272393 -0.03
         vertex -0.0502519 -0.026 -0.03
         vertex -0.1 -0.022 -0.03
      endloop
   endfacet
   facet normal 0 0 1
      outer loop
         vertex 0.0073736 -0.0350735 -0.03
         vertex 0.009 -0.03475 -0.03
         vertex 0.023 -0.022 -0.03
      endloop
   endfacet
   facet normal 0 0 1
      outer loop
         vertex -0.0820735 -0.0373736 -0.03
         vertex -0.08175 -0.039 -0.03
         vertex -0.0657867 -0.0360956 -0.03
      endloop
   endfacet
   facet normal 0 0 1
      outer loop
         vertex 0.023 -0.022 -0.03
         vertex 0.0106264 -0.0350735 -0.03
         vertex 0.0120052 -0.0359948 -0.03
      endloop
   endfacet
   facet normal 0 0 1
      outer loop
         vertex -0.1 -0.022 -0.03
         vertex -0.0876264 -0.0350735 -0.03
         vertex -0.086 -0.03475 -0.03
      endloop
   endfacet
   facet normal 0 0 1
      outer loop
         vertex -0.0657867 -0.0360956 -0.03
         vertex -0.0620664 -0.0307764 -0.03
         vertex -0.0820735 -0.0373736 -0.03
      endloop
   endfacet
   facet normal 0 0 1
      outer loop
         vertex 0.009 -0.03475 -0.03
         vertex 0.0106264 -0.0350735 -0.03
         vertex 0.023 -0.022 -0.03
      endloop
   endfacet
   facet normal 0 0 1
      outer loop
         vertex -0.0566237 -0.0272393 -0.03
         vertex -0.0829948 -0.0359948 -0.03
         vertex -0.0820735 -0.0373736 -0.03
      endloop
   endfacet
   facet normal 0 0 1
      outer loop
         vertex -0.0203763 -0.0272393 -0.03
         vertex 0.0059948 -0.0359948 -0.03
         vertex 0.0073736 -0.0350735 -0.03
      endloop
   endfacet
   facet normal 0 0 1
      outer loop
         vertex -0.0203763 -0.0272393 -0.03
         vertex 0.00475 -0.039 -0.03
         vertex 0.00507351 -0.0373736 -0.03
      endloop
   endfacet
   facet normal 0 0 1
      outer loop
         vertex -0.0566237 -0.0272393 -0.03
         vertex -0.0843736 -0.0350735 -0.03
         vertex -0.0829948 -0.0359948 -0.03
      endloop
   endfacet
   facet normal 0 0 1
      outer loop
         vertex 0.00507351 -0.0373736 -0.03
         vertex 0.0059948 -0.0359948 -0.03
         vertex -0.0203763 -0.0272393 -0.03
      endloop
   endfacet
   facet normal 0 0 1
      outer loop
         vertex -0.00713145 -0.0452798 -0.03
         vertex 0.00507351 -0.0406264 -0.03
         vertex 0.00475 -0.039 -0.03
      endloop
   endfacet
   facet normal 0 0 1
      outer loop
         vertex 0.0120052 -0.0359948 -0.03
         vertex 0.0129265 -0.0373736 -0.03
         vertex 0.023 -0.022 -0.03
      endloop
   endfacet
   facet normal 0 0 1
      outer loop
         vertex -0.1 -0.04 -0.03
         vertex -0.09025 -0.039 -0.03
         vertex -0.0899265 -0.0373736 -0.03
      endloop
   endfacet
   facet normal 0 0 1
      outer loop
         vertex 0.00475 -0.039 -0.03
         vertex -0.0149336 -0.0307764 -0.03
         vertex -0.0112133 -0.0360956 -0.03
      endloop
   endfacet
   facet normal 0 0 1
      outer loop
         vertex 0.0047481 -0.053 -0.03
         vertex 0.01 -0.053 -0.03
         vertex 0.009 -0.04325 -0.03
      endloop
   endfacet
   facet normal 0 0 1
      outer loop
         vertex 0.01 -0.053 -0.03
         vertex 0.0149749 -0.0520104 -0.03
         vertex 0.0106264 -0.0429265 -0.03
      endloop
   endfacet
   facet normal 0 0 1
      outer loop
         vertex -0.1 -0.04 -0.03
         vertex -0.0990104 -0.0449749 -0.03
         vertex -0.0899265 -0.0406264 -0.03
      endloop
   endfacet
   facet normal 0 0 1
      outer loop
         vertex -0.0990104 -0.0449749 -0.03
         vertex -0.0961924 -0.0491924 -0.03
         vertex -0.0890052 -0.0420052 -0.03
      endloop
   endfacet
   facet normal 0 0 1
      outer loop
         vertex -0.1 -0.022 -0.03
         vertex -0.0890052 -0.0359948 -0.03
         vertex -0.0876264 -0.0350735 -0.03
      endloop
   endfacet
   facet normal 0 0 1
      outer loop
         vertex -0.0899265 -0.0373736 -0.03
         vertex -0.1 -0.022 -0.03
         vertex -0.1 -0.04 -0.03
      endloop
   endfacet
   facet normal 0 0 1
      outer loop
         vertex 0.00475 -0.039 -0.03
         vertex -0.0203763 -0.0272393 -0.03
         vertex -0.0149336 -0.0307764 -0.03
      endloop
   endfacet
   facet normal 0 0 1
      outer loop
         vertex -0.00428654 -0.0493475 -0.03
         vertex 0.0059948 -0.0420052 -0.03
         vertex 0.00507351 -0.0406264 -0.03
      endloop
   endfacet
   facet normal 0 0 1
      outer loop
         vertex -0.00012442 -0.0520523 -0.03
         vertex 0.0047481 -0.053 -0.03
         vertex 0.0073736 -0.0429265 -0.03
      endloop
   endfacet
   facet normal 0 0 1
      outer loop
         vertex 0.0106264 -0.0429265 -0.03
         vertex 0.009 -0.04325 -0.03
         vertex 0.01 -0.053 -0.03
      endloop
   endfacet
   facet normal 0 0 1
      outer loop
         vertex 0.0149749 -0.0520104 -0.03
         vertex 0.0191924 -0.0491924 -0.03
         vertex 0.0120052 -0.0420052 -0.03
      endloop
   endfacet
   facet normal 0 0 1
      outer loop
         vertex -0.0890052 -0.0420052 -0.03
         vertex -0.0899265 -0.0406264 -0.03
         vertex -0.0990104 -0.0449749 -0.03
      endloop
   endfacet
   facet normal 0 0 1
      outer loop
         vertex -0.0919749 -0.0520104 -0.03
         vertex -0.0876264 -0.0429265 -0.03
         vertex -0.0890052 -0.0420052 -0.03
      endloop
   endfacet
   facet normal 0 0 1
      outer loop
         vertex -0.087 -0.053 -0.03
         vertex -0.086 -0.04325 -0.03
         vertex -0.0876264 -0.0429265 -0.03
      endloop
   endfacet
   facet normal 0 0 1
      outer loop
         vertex -0.0817481 -0.053 -0.03
         vertex -0.0843736 -0.0429265 -0.03
         vertex -0.086 -0.04325 -0.03
      endloop
   endfacet
   facet normal 0 0 1
      outer loop
         vertex 0.023 -0.04 -0.03
         vertex 0.023 -0.022 -0.03
         vertex 0.0129265 -0.0373736 -0.03
      endloop
   endfacet
   facet normal 0 0 1
      outer loop
         vertex -0.0899265 -0.0373736 -0.03
         vertex -0.0890052 -0.0359948 -0.03
         vertex -0.1 -0.022 -0.03
      endloop
   endfacet
   facet normal 0 0 1
      outer loop
         vertex 0.00507351 -0.0406264 -0.03
         vertex -0.00713145 -0.0452798 -0.03
         vertex -0.00428654 -0.0493475 -0.03
      endloop
   endfacet
   facet normal 0 0 1
      outer loop
         vertex 0.0059948 -0.0420052 -0.03
         vertex -0.00428654 -0.0493475 -0.03
         vertex -0.00012442 -0.0520523 -0.03
      endloop
   endfacet
   facet normal 0 0 1
      outer loop
         vertex 0.0120052 -0.0420052 -0.03
         vertex 0.0106264 -0.0429265 -0.03
         vertex 0.0149749 -0.0520104 -0.03
      endloop
   endfacet
   facet normal 0 0 1
      outer loop
         vertex 0.0220104 -0.0449749 -0.03
         vertex 0.0129265 -0.0406264 -0.03
         vertex 0.0120052 -0.0420052 -0.03
      endloop
   endfacet
   facet normal 0 0 1
      outer loop
         vertex -0.0890052 -0.0420052 -0.03
         vertex -0.0961924 -0.0491924 -0.03
         vertex -0.0919749 -0.0520104 -0.03
      endloop
   endfacet
   facet normal 0 0 1
      outer loop
         vertex -0.086 -0.04325 -0.03
         vertex -0.087 -0.053 -0.03
         vertex -0.0817481 -0.053 -0.03
      endloop
   endfacet
   facet normal 0 0 1
      outer loop
         vertex -0.0768756 -0.0520523 -0.03
         vertex -0.0829948 -0.0420052 -0.03
         vertex -0.0843736 -0.0429265 -0.03
      endloop
   endfacet
   facet normal 0 0 1
      outer loop
         vertex -0.0620664 -0.0307764 -0.03
         vertex -0.0566237 -0.0272393 -0.03
         vertex -0.0820735 -0.0373736 -0.03
      endloop
   endfacet
   facet normal 0 0 1
      outer loop
         vertex 0.0073736 -0.0429265 -0.03
         vertex 0.0059948 -0.0420052 -0.03
         vertex -0.00012442 -0.0520523 -0.03
      endloop
   endfacet
   facet normal 0 0 1
      outer loop
         vertex 0.0120052 -0.0420052 -0.03
         vertex 0.0191924 -0.0491924 -0.03
         vertex 0.0220104 -0.0449749 -0.03
      endloop
   endfacet
   facet normal 0 0 1
      outer loop
         vertex 0.023 -0.04 -0.03
         vertex 0.01325 -0.039 -0.03
         vertex 0.0129265 -0.0406264 -0.03
      endloop
   endfacet
   facet normal 0 0 1
      outer loop
         vertex -0.0876264 -0.0429265 -0.03
         vertex -0.0919749 -0.0520104 -0.03
         vertex -0.087 -0.053 -0.03
      endloop
   endfacet
   facet normal 0 0 1
      outer loop
         vertex -0.0843736 -0.0429265 -0.03
         vertex -0.0817481 -0.053 -0.03
         vertex -0.0768756 -0.0520523 -0.03
      endloop
   endfacet
   facet normal 0 0 1
      outer loop
         vertex -0.0727135 -0.0493475 -0.03
         vertex -0.0698685 -0.0452798 -0.03
         vertex -0.0820735 -0.0406264 -0.03
      endloop
   endfacet
   facet normal 0 0 1
      outer loop
         vertex -0.0698685 -0.0452798 -0.03
         vertex -0.0657867 -0.0360956 -0.03
         vertex -0.08175 -0.039 -0.03
      endloop
   endfacet
   facet normal 0 0 1
      outer loop
         vertex 0.00475 -0.039 -0.03
         vertex -0.0112133 -0.0360956 -0.03
         vertex -0.00713145 -0.0452798 -0.03
      endloop
   endfacet
   facet normal 0 0 1
      outer loop
         vertex 0.0129265 -0.0406264 -0.03
         vertex 0.0220104 -0.0449749 -0.03
         vertex 0.023 -0.04 -0.03
      endloop
   endfacet
   facet normal 0 0 1
      outer loop
         vertex -0.0768756 -0.0520523 -0.03
         vertex -0.0727135 -0.0493475 -0.03
         vertex -0.0829948 -0.0420052 -0.03
      endloop
   endfacet
   facet normal 0 0 1
      outer loop
         vertex -0.08175 -0.039 -0.03
         vertex -0.0820735 -0.0406264 -0.03
         vertex -0.0698685 -0.0452798 -0.03
      endloop
   endfacet
   facet normal 0 0 1
      outer loop
         vertex 0.009 -0.04325 -0.03
         vertex 0.0073736 -0.0429265 -0.03
         vertex 0.0047481 -0.053 -0.03
      endloop
   endfacet
   facet normal 0 0 1
      outer loop
         vertex -0.0820735 -0.0406264 -0.03
         vertex -0.0829948 -0.0420052 -0.03
         vertex -0.0727135 -0.0493475 -0.03
      endloop
   endfacet
   facet normal 0 0 1
      outer loop
         vertex -0.0899265 -0.0406264 -0.03
         vertex -0.09025 -0.039 -0.03
         vertex -0.1 -0.04 -0.03
      endloop
   endfacet
   facet normal 0 0 1
      outer loop
         vertex 0.0129265 -0.0373736 -0.03
         vertex 0.01325 -0.039 -0.03
         vertex 0.023 -0.04 -0.03
      endloop
   endfacet
   facet normal 0.92388 0.382683 0
      outer loop
         vertex 0.00507351 -0.0406264 -0.042
         vertex 0.00475 -0.039 -0.042
         vertex 0.00475 -0.039 -0.03
      endloop
   endfacet
   facet normal 0.707107 0.707107 0
      outer loop
         vertex 0.0059948 -0.0420052 -0.042
         vertex 0.00507351 -0.0406264 -0.042
         vertex 0.00507351 -0.0406264 -0.03
      endloop
   endfacet
   facet normal 0.382683 0.92388 0
      outer loop
         vertex 0.0073736 -0.0429265 -0.042
         vertex 0.0059948 -0.0420052 -0.042
         vertex 0.0059948 -0.0420052 -0.03
      endloop
   endfacet
   facet normal -1.83697e-16 1 0
      outer loop
         vertex 0.009 -0.04325 -0.042
         vertex 0.0073736 -0.0429265 -0.042
         vertex 0.0073736 -0.0429265 -0.03
      endloop
   endfacet
   facet normal -0.382683 0.92388 0
      outer loop
         vertex 0.0106264 -0.0429265 -0.042
         vertex 0.009 -0.04325 -0.042
         vertex 0.009 -0.04325 -0.03
      endloop
   endfacet
   facet normal -0.707107 0.707107 0
      outer loop
         vertex 0.0120052 -0.0420052 -0.042
         vertex 0.0106264 -0.0429265 -0.042
         vertex 0.0106264 -0.0429265 -0.03
      endloop
   endfacet
   facet normal -0.92388 0.382683 0
      outer loop
         vertex 0.0129265 -0.0406264 -0.042
         vertex 0.0120052 -0.0420052 -0.042
         vertex 0.0120052 -0.0420052 -0.03
      endloop
   endfacet
   facet normal -1 -1.22465e-16 0
      outer loop
         vertex 0.01325 -0.039 -0.042
         vertex 0.0129265 -0.0406264 -0.042
         vertex 0.0129265 -0.0406264 -0.03
      endloop
   endfacet
   facet normal -0.92388 -0.382683 0
      outer loop
         vertex 0.0129265 -0.0373736 -0.042
         vertex 0.01325 -0.039 -0.042
         vertex 0.01325 -0.039 -0.03
      endloop
   endfacet
   facet normal -0.707107 -0.707107 0
      outer loop
         vertex 0.0120052 -0.0359948 -0.042
         vertex 0.0129265 -0.0373736 -0.042
         vertex 0.0129265 -0.0373736 -0.03
      endloop
   endfacet
   facet normal -0.382683 -0.92388 0
      outer loop
         vertex 0.0106264 -0.0350735 -0.042
         vertex 0.0120052 -0.0359948 -0.042
         vertex 0.0120052 -0.0359948 -0.03
      endloop
   endfacet
   facet normal 6.12323e-17 -1 0
      outer loop
         vertex 0.009 -0.03475 -0.042
         vertex 0.0106264 -0.0350735 -0.042
         vertex 0.0106264 -0.0350735 -0.03
      endloop
   endfacet
   facet normal 0.382683 -0.92388 0
      outer loop
         vertex 0.0073736 -0.0350735 -0.042
         vertex 0.009 -0.03475 -0.042
         vertex 0.009 -0.03475 -0.03
      endloop
   endfacet
   facet normal 0.707107 -0.707107 0
      outer loop
         vertex 0.0059948 -0.0359948 -0.042
         vertex 0.0073736 -0.0350735 -0.042
         vertex 0.0073736 -0.0350735 -0.03
      endloop
   endfacet
   facet normal 0.92388 -0.382683 0
      outer loop
         vertex 0.00507351 -0.0373736 -0.042
         vertex 0.0059948 -0.0359948 -0.042
         vertex 0.0059948 -0.0359948 -0.03
      endloop
   endfacet
   facet normal 1 2.44929e-16 0
      outer loop
         vertex 0.00475 -0.039 -0.042
         vertex 0.00507351 -0.0373736 -0.042
         vertex 0.00507351 -0.0373736 -0.03
      endloop
   endfacet
   facet normal 0.92388 -0.382683 0
      outer loop
         vertex 0.00507351 -0.0373736 -0.03
         vertex 0.00475 -0.039 -0.03
         vertex 0.00475 -0.039 -0.042
      endloop
   endfacet
   facet normal 0.707107 -0.707107 0
      outer loop
         vertex 0.0059948 -0.0359948 -0.03
         vertex 0.00507351 -0.0373736 -0.03
         vertex 0.00507351 -0.0373736 -0.042
      endloop
   endfacet
   facet normal 0.382683 -0.92388 0
      outer loop
         vertex 0.0073736 -0.0350735 -0.03
         vertex 0.0059948 -0.0359948 -0.03
         vertex 0.0059948 -0.0359948 -0.042
      endloop
   endfacet
   facet normal 6.12323e-17 -1 0
      outer loop
         vertex 0.009 -0.03475 -0.03
         vertex 0.0073736 -0.0350735 -0.03
         vertex 0.0073736 -0.0350735 -0.042
      endloop
   endfacet
   facet normal -0.382683 -0.92388 0
      outer loop
         vertex 0.0106264 -0.0350735 -0.03
         vertex 0.009 -0.03475 -0.03
         vertex 0.009 -0.03475 -0.042
      endloop
   endfacet
   facet normal -0.707107 -0.707107 0
      outer loop
         vertex 0.0120052 -0.0359948 -0.03
         vertex 0.0106264 -0.0350735 -0.03
         vertex 0.0106264 -0.0350735 -0.042
      endloop
   endfacet
   facet normal -0.92388 -0.382683 0
      outer loop
         vertex 0.0129265 -0.0373736 -0.03
         vertex 0.0120052 -0.0359948 -0.03
         vertex 0.0120052 -0.0359948 -0.042
      endloop
   endfacet
   facet normal -1 -1.22465e-16 0
      outer loop
         vertex 0.01325 -0.039 -0.03
         vertex 0.0129265 -0.0373736 -0.03
         vertex 0.0129265 -0.0373736 -0.042
      endloop
   endfacet
   facet normal -0.92388 0.382683 0
      outer loop
         vertex 0.0129265 -0.0406264 -0.03
         vertex 0.01325 -0.039 -0.03
         vertex 0.01325 -0.039 -0.042
      endloop
   endfacet
   facet normal -0.707107 0.707107 0
      outer loop
         vertex 0.0120052 -0.0420052 -0.03
         vertex 0.0129265 -0.0406264 -0.03
         vertex 0.0129265 -0.0406264 -0.042
      endloop
   endfacet
   facet normal -0.382683 0.92388 0
      outer loop
         vertex 0.0106264 -0.0429265 -0.03
         vertex 0.0120052 -0.0420052 -0.03
         vertex 0.0120052 -0.0420052 -0.042
      endloop
   endfacet
   facet normal -1.83697e-16 1 0
      outer loop
         vertex 0.009 -0.04325 -0.03
         vertex 0.0106264 -0.0429265 -0.03
         vertex 0.0106264 -0.0429265 -0.042
      endloop
   endfacet
   facet normal 0.382683 0.92388 0
      outer loop
         vertex 0.0073736 -0.0429265 -0.03
         vertex 0.009 -0.04325 -0.03
         vertex 0.009 -0.04325 -0.042
      endloop
   endfacet
   facet normal 0.707107 0.707107 0
      outer loop
         vertex 0.0059948 -0.0420052 -0.03
         vertex 0.0073736 -0.0429265 -0.03
         vertex 0.0073736 -0.0429265 -0.042
      endloop
   endfacet
   facet normal 0.92388 0.382683 0
      outer loop
         vertex 0.00507351 -0.0406264 -0.03
         vertex 0.0059948 -0.0420052 -0.03
         vertex 0.0059948 -0.0420052 -0.042
      endloop
   endfacet
   facet normal 1 2.44929e-16 0
      outer loop
         vertex 0.00475 -0.039 -0.03
         vertex 0.00507351 -0.0406264 -0.03
         vertex 0.00507351 -0.0406264 -0.042
      endloop
   endfacet
   facet normal 0.92388 0.382683 0
      outer loop
         vertex -0.0899265 -0.0406264 -0.042
         vertex -0.09025 -0.039 -0.042
         vertex -0.09025 -0.039 -0.03
      endloop
   endfacet
   facet normal 0.707107 0.707107 0
      outer loop
         vertex -0.0890052 -0.0420052 -0.042
         vertex -0.0899265 -0.0406264 -0.042
         vertex -0.0899265 -0.0406264 -0.03
      endloop
   endfacet
   facet normal 0.382683 0.92388 0
      outer loop
         vertex -0.0876264 -0.0429265 -0.042
         vertex -0.0890052 -0.0420052 -0.042
         vertex -0.0890052 -0.0420052 -0.03
      endloop
   endfacet
   facet normal -1.83697e-16 1 0
      outer loop
         vertex -0.086 -0.04325 -0.042
         vertex -0.0876264 -0.0429265 -0.042
         vertex -0.0876264 -0.0429265 -0.03
      endloop
   endfacet
   facet normal -0.382683 0.92388 0
      outer loop
         vertex -0.0843736 -0.0429265 -0.042
         vertex -0.086 -0.04325 -0.042
         vertex -0.086 -0.04325 -0.03
      endloop
   endfacet
   facet normal -0.707107 0.707107 0
      outer loop
         vertex -0.0829948 -0.0420052 -0.042
         vertex -0.0843736 -0.0429265 -0.042
         vertex -0.0843736 -0.0429265 -0.03
      endloop
   endfacet
   facet normal -0.92388 0.382683 0
      outer loop
         vertex -0.0820735 -0.0406264 -0.042
         vertex -0.0829948 -0.0420052 -0.042
         vertex -0.0829948 -0.0420052 -0.03
      endloop
   endfacet
   facet normal -1 -1.22465e-16 0
      outer loop
         vertex -0.08175 -0.039 -0.042
         vertex -0.0820735 -0.0406264 -0.042
         vertex -0.0820735 -0.0406264 -0.03
      endloop
   endfacet
   facet normal -0.92388 -0.382683 0
      outer loop
         vertex -0.0820735 -0.0373736 -0.042
         vertex -0.08175 -0.039 -0.042
         vertex -0.08175 -0.039 -0.03
      endloop
   endfacet
   facet normal -0.707107 -0.707107 0
      outer loop
         vertex -0.0829948 -0.0359948 -0.042
         vertex -0.0820735 -0.0373736 -0.042
         vertex -0.0820735 -0.0373736 -0.03
      endloop
   endfacet
   facet normal -0.382683 -0.92388 0
      outer loop
         vertex -0.0843736 -0.0350735 -0.042
         vertex -0.0829948 -0.0359948 -0.042
         vertex -0.0829948 -0.0359948 -0.03
      endloop
   endfacet
   facet normal 6.12323e-17 -1 0
      outer loop
         vertex -0.086 -0.03475 -0.042
         vertex -0.0843736 -0.0350735 -0.042
         vertex -0.0843736 -0.0350735 -0.03
      endloop
   endfacet
   facet normal 0.382683 -0.92388 0
      outer loop
         vertex -0.0876264 -0.0350735 -0.042
         vertex -0.086 -0.03475 -0.042
         vertex -0.086 -0.03475 -0.03
      endloop
   endfacet
   facet normal 0.707107 -0.707107 0
      outer loop
         vertex -0.0890052 -0.0359948 -0.042
         vertex -0.0876264 -0.0350735 -0.042
         vertex -0.0876264 -0.0350735 -0.03
      endloop
   endfacet
   facet normal 0.92388 -0.382683 0
      outer loop
         vertex -0.0899265 -0.0373736 -0.042
         vertex -0.0890052 -0.0359948 -0.042
         vertex -0.0890052 -0.0359948 -0.03
      endloop
   endfacet
   facet normal 1 2.44929e-16 0
      outer loop
         vertex -0.09025 -0.039 -0.042
         vertex -0.0899265 -0.0373736 -0.042
         vertex -0.0899265 -0.0373736 -0.03
      endloop
   endfacet
   facet normal 0.92388 -0.382683 0
      outer loop
         vertex -0.0899265 -0.0373736 -0.03
         vertex -0.09025 -0.039 -0.03
         vertex -0.09025 -0.039 -0.042
      endloop
   endfacet
   facet normal 0.707107 -0.707107 0
      outer loop
         vertex -0.0890052 -0.0359948 -0.03
         vertex -0.0899265 -0.0373736 -0.03
         vertex -0.0899265 -0.0373736 -0.042
      endloop
   endfacet
   facet normal 0.382683 -0.92388 0
      outer loop
         vertex -0.0876264 -0.0350735 -0.03
         vertex -0.0890052 -0.0359948 -0.03
         vertex -0.0890052 -0.0359948 -0.042
      endloop
   endfacet
   facet normal 6.12323e-17 -1 0
      outer loop
         vertex -0.086 -0.03475 -0.03
         vertex -0.0876264 -0.0350735 -0.03
         vertex -0.0876264 -0.0350735 -0.042
      endloop
   endfacet
   facet normal -0.382683 -0.92388 0
      outer loop
         vertex -0.0843736 -0.0350735 -0.03
         vertex -0.086 -0.03475 -0.03
         vertex -0.086 -0.03475 -0.042
      endloop
   endfacet
   facet normal -0.707107 -0.707107 0
      outer loop
         vertex -0.0829948 -0.0359948 -0.03
         vertex -0.0843736 -0.0350735 -0.03
         vertex -0.0843736 -0.0350735 -0.042
      endloop
   endfacet
   facet normal -0.92388 -0.382683 0
      outer loop
         vertex -0.0820735 -0.0373736 -0.03
         vertex -0.0829948 -0.0359948 -0.03
         vertex -0.0829948 -0.0359948 -0.042
      endloop
   endfacet
   facet normal -1 -1.22465e-16 0
      outer loop
         vertex -0.08175 -0.039 -0.03
         vertex -0.0820735 -0.0373736 -0.03
         vertex -0.0820735 -0.0373736 -0.042
      endloop
   endfacet
   facet normal -0.92388 0.382683 0
      outer loop
         vertex -0.0820735 -0.0406264 -0.03
         vertex -0.08175 -0.039 -0.03
         vertex -0.08175 -0.039 -0.042
      endloop
   endfacet
   facet normal -0.707107 0.707107 0
      outer loop
         vertex -0.0829948 -0.0420052 -0.03
         vertex -0.0820735 -0.0406264 -0.03
         vertex -0.0820735 -0.0406264 -0.042
      endloop
   endfacet
   facet normal -0.382683 0.92388 0
      outer loop
         vertex -0.0843736 -0.0429265 -0.03
         vertex -0.0829948 -0.0420052 -0.03
         vertex -0.0829948 -0.0420052 -0.042
      endloop
   endfacet
   facet normal -1.83697e-16 1 0
      outer loop
         vertex -0.086 -0.04325 -0.03
         vertex -0.0843736 -0.0429265 -0.03
         vertex -0.0843736 -0.0429265 -0.042
      endloop
   endfacet
   facet normal 0.382683 0.92388 0
      outer loop
         vertex -0.0876264 -0.0429265 -0.03
         vertex -0.086 -0.04325 -0.03
         vertex -0.086 -0.04325 -0.042
      endloop
   endfacet
   facet normal 0.707107 0.707107 0
      outer loop
         vertex -0.0890052 -0.0420052 -0.03
         vertex -0.0876264 -0.0429265 -0.03
         vertex -0.0876264 -0.0429265 -0.042
      endloop
   endfacet
   facet normal 0.92388 0.382683 0
      outer loop
         vertex -0.0899265 -0.0406264 -0.03
         vertex -0.0890052 -0.0420052 -0.03
         vertex -0.0890052 -0.0420052 -0.042
      endloop
   endfacet
   facet normal 1 2.44929e-16 0
      outer loop
         vertex -0.09025 -0.039 -0.03
         vertex -0.0899265 -0.0406264 -0.03
         vertex -0.0899265 -0.0406264 -0.042
      endloop
   endfacet
   facet normal 0 1 0
      outer loop
         vertex -0.1 0.012 -0.02
         vertex -0.075 0.012 -0.019
         vertex -0.037 0.012 -0.019
      endloop
   endfacet
   facet normal 0 1 0
      outer loop
         vertex -0.037 0.012 -0.019
         vertex 0.023 0.012 -0.02
         vertex -0.1 0.012 -0.02
      endloop
   endfacet
   facet normal 0 1 0
      outer loop
         vertex -0.0304944 0.012 -0.017706
         vertex -0.00650562 0.012 -0.00740595
         vertex 2.0819e-18 0.012 -0.0087
      endloop
   endfacet
   facet normal 0 1 0
      outer loop
         vertex -0.00650562 0.012 -0.00740595
         vertex -0.0304944 0.012 -0.017706
         vertex -0.0249792 0.012 -0.0140208
      endloop
   endfacet
   facet normal 0 1 0
      outer loop
         vertex -0.1 0.012 -0.02
         vertex -0.0815056 0.012 -0.017706
         vertex -0.075 0.012 -0.019
      endloop
   endfacet
   facet normal 0 1 0
      outer loop
         vertex -0.0249792 0.012 -0.0140208
         vertex -0.0120208 0.012 -0.00372082
         vertex -0.00650562 0.012 -0.00740595
      endloop
   endfacet
   facet normal 0 1 0
      outer loop
         vertex -0.1 0.012 -0.02
         vertex -0.0870208 0.012 -0.0140208
         vertex -0.0815056 0.012 -0.017706
      endloop
   endfacet
   facet normal 0 1 0
      outer loop
         vertex -0.1 0.012 -0.02
         vertex -0.1 0.012 0.07
         vertex -0.092 0.012 0.0439244
      endloop
   endfacet
   facet normal 0 1 0
      outer loop
         vertex -0.0699244 0.012 0.07
         vertex 0.00934118 0.012 0.0347708
         vertex -0.0300956 0.012 0.0457324
      endloop
   endfacet
   facet normal 0 1 0
      outer loop
         vertex -0.0247764 0.012 0.0420121
         vertex 0.00934118 0.012 0.0347708
         vertex -4.1638e-18 0.012 0.0253
      endloop
   endfacet
   facet normal 0 1 0
      outer loop
         vertex 0.0165378 0.012 0.0297375
         vertex 0.0120208 0.012 0.0203208
         vertex 0.00650562 0.012 0.024006
      endloop
   endfacet
   facet normal 0 1 0
      outer loop
         vertex 0.0213233 0.012 0.0223738
         vertex 0.023 0.012 0.0137532
         vertex 0.015706 0.012 0.0148056
      endloop
   endfacet
   facet normal 0 1 0
      outer loop
         vertex 0.023 0.012 -0.02
         vertex 2.0819e-18 0.012 -0.0087
         vertex 0.00650562 0.012 -0.00740595
      endloop
   endfacet
   facet normal 0 1 0
      outer loop
         vertex -0.037 0.012 -0.019
         vertex -0.0304944 0.012 -0.017706
         vertex 0.023 0.012 -0.02
      endloop
   endfacet
   facet normal 0 1 0
      outer loop
         vertex -0.092 0.012 0.0439244
         vertex -0.092 0.012 -0.002
         vertex -0.1 0.012 -0.02
      endloop
   endfacet
   facet normal 0 1 0
      outer loop
         vertex -0.02 0.012 0.0301976
         vertex -0.015706 0.012 0.0148056
         vertex -0.017 0.012 0.0083
      endloop
   endfacet
   facet normal 0 1 0
      outer loop
         vertex -0.0300956 0.012 0.0457324
         vertex -0.060981 0.012 0.0594592
         vertex -0.0699244 0.012 0.07
      endloop
   endfacet
   facet normal 0 1 0
      outer loop
         vertex -4.1638e-18 0.012 0.0253
         vertex -0.00650562 0.012 0.024006
         vertex -0.0247764 0.012 0.0420121
      endloop
   endfacet
   facet normal 0 1 0
      outer loop
         vertex 0.00650562 0.012 0.024006
         vertex 0.00934118 0.012 0.0347708
         vertex 0.0165378 0.012 0.0297375
      endloop
   endfacet
   facet normal 0 1 0
      outer loop
         vertex 0.0120208 0.012 0.0203208
         vertex 0.0165378 0.012 0.0297375
         vertex 0.0213233 0.012 0.0223738
      endloop
   endfacet
   facet normal 0 1 0
      outer loop
         vertex 0.023 0.012 0.0137532
         vertex 0.023 0.012 -0.02
         vertex 0.015706 0.012 0.00179438
      endloop
   endfacet
   facet normal 0 1 0
      outer loop
         vertex 0.00650562 0.012 -0.00740595
         vertex 0.0120208 0.012 -0.00372082
         vertex 0.023 0.012 -0.02
      endloop
   endfacet
   facet normal 0 1 0
      outer loop
         vertex -0.1 0.012 -0.02
         vertex -0.090706 0.012 -0.00850562
         vertex -0.0870208 0.012 -0.0140208
      endloop
   endfacet
   facet normal 0 1 0
      outer loop
         vertex -0.1 0.012 0.07
         vertex -0.090706 0.012 0.05043
         vertex -0.092 0.012 0.0439244
      endloop
   endfacet
   facet normal 0 1 0
      outer loop
         vertex -0.0120208 0.012 -0.00372082
         vertex -0.0249792 0.012 -0.0140208
         vertex -0.021294 0.012 -0.00850562
      endloop
   endfacet
   facet normal 0 1 0
      outer loop
         vertex -0.017 0.012 0.0083
         vertex -0.021294 0.012 -0.00850562
         vertex -0.02 0.012 -0.002
      endloop
   endfacet
   facet normal 0 1 0
      outer loop
         vertex -0.00650562 0.012 0.024006
         vertex -0.0120208 0.012 0.0203208
         vertex -0.02 0.012 0.0301976
      endloop
   endfacet
   facet normal 0 1 0
      outer loop
         vertex -0.0247764 0.012 0.0420121
         vertex -0.0300956 0.012 0.0457324
         vertex 0.00934118 0.012 0.0347708
      endloop
   endfacet
   facet normal 0 1 0
      outer loop
         vertex 0.015706 0.012 0.0148056
         vertex 0.0120208 0.012 0.0203208
         vertex 0.0213233 0.012 0.0223738
      endloop
   endfacet
   facet normal 0 1 0
      outer loop
         vertex 0.015706 0.012 0.00179438
         vertex 0.017 0.012 0.0083
         vertex 0.023 0.012 0.0137532
      endloop
   endfacet
   facet normal 0 1 0
      outer loop
         vertex 2.0819e-18 0.012 -0.0087
         vertex 0.023 0.012 -0.02
         vertex -0.0304944 0.012 -0.017706
      endloop
   endfacet
   facet normal 0 1 0
      outer loop
         vertex -0.1 0.012 0.07
         vertex -0.0870208 0.012 0.0559452
         vertex -0.090706 0.012 0.05043
      endloop
   endfacet
   facet normal 0 1 0
      outer loop
         vertex -0.021294 0.012 -0.00850562
         vertex -0.017 0.012 0.0083
         vertex -0.015706 0.012 0.00179438
      endloop
   endfacet
   facet normal 0 1 0
      outer loop
         vertex -0.02 0.012 0.0301976
         vertex -0.0120208 0.012 0.0203208
         vertex -0.015706 0.012 0.0148056
      endloop
   endfacet
   facet normal 0 1 0
      outer loop
         vertex -0.02 0.012 0.0301976
         vertex -0.0212393 0.012 0.0365694
         vertex -0.00650562 0.012 0.024006
      endloop
   endfacet
   facet normal 0 1 0
      outer loop
         vertex -0.060981 0.012 0.0594592
         vertex -0.0643563 0.012 0.0605541
         vertex -0.0699244 0.012 0.07
      endloop
   endfacet
   facet normal 0 1 0
      outer loop
         vertex 0.017 0.012 0.0083
         vertex 0.015706 0.012 0.0148056
         vertex 0.023 0.012 0.0137532
      endloop
   endfacet
   facet normal 0 1 0
      outer loop
         vertex -0.092 0.012 -0.002
         vertex -0.090706 0.012 -0.00850562
         vertex -0.1 0.012 -0.02
      endloop
   endfacet
   facet normal 0 1 0
      outer loop
         vertex -0.017 0.012 0.0083
         vertex -0.02 0.012 -0.002
         vertex -0.02 0.012 0.0301976
      endloop
   endfacet
   facet normal 0 1 0
      outer loop
         vertex -0.0643563 0.012 0.0605541
         vertex -0.0678853 0.012 0.0609244
         vertex -0.0699244 0.012 0.07
      endloop
   endfacet
   facet normal 0 1 0
      outer loop
         vertex -0.0699244 0.012 0.07
         vertex -0.075 0.012 0.0609244
         vertex -0.0815056 0.012 0.0596304
      endloop
   endfacet
   facet normal 0 1 0
      outer loop
         vertex 0.0120208 0.012 -0.00372082
         vertex 0.015706 0.012 0.00179438
         vertex 0.023 0.012 -0.02
      endloop
   endfacet
   facet normal 0 1 0
      outer loop
         vertex -0.0212393 0.012 0.0365694
         vertex -0.0247764 0.012 0.0420121
         vertex -0.00650562 0.012 0.024006
      endloop
   endfacet
   facet normal 0 1 0
      outer loop
         vertex -0.0699244 0.012 0.07
         vertex -0.0678853 0.012 0.0609244
         vertex -0.075 0.012 0.0609244
      endloop
   endfacet
   facet normal 0 1 0
      outer loop
         vertex -0.021294 0.012 -0.00850562
         vertex -0.015706 0.012 0.00179438
         vertex -0.0120208 0.012 -0.00372082
      endloop
   endfacet
   facet normal 0 1 0
      outer loop
         vertex -0.0815056 0.012 0.0596304
         vertex -0.1 0.012 0.07
         vertex -0.0699244 0.012 0.07
      endloop
   endfacet
   facet normal 0 1 0
      outer loop
         vertex -0.0815056 0.012 0.0596304
         vertex -0.0870208 0.012 0.0559452
         vertex -0.1 0.012 0.07
      endloop
   endfacet
   facet normal 0 1 0
      outer loop
         vertex 0.00650562 0.012 0.024006
         vertex -4.1638e-18 0.012 0.0253
         vertex 0.00934118 0.012 0.0347708
      endloop
   endfacet
   facet normal 0.382683 0 -0.92388
      outer loop
         vertex -0.00650562 0.012 0.024006
         vertex -4.1638e-18 0.012 0.0253
         vertex 0 -0.012 0.0253
      endloop
   endfacet
   facet normal 0.707107 0 -0.707107
      outer loop
         vertex -0.0120208 0.012 0.0203208
         vertex -0.00650562 0.012 0.024006
         vertex -0.00650562 -0.012 0.024006
      endloop
   endfacet
   facet normal 0.92388 0 -0.382683
      outer loop
         vertex -0.015706 0.012 0.0148056
         vertex -0.0120208 0.012 0.0203208
         vertex -0.0120208 -0.012 0.0203208
      endloop
   endfacet
   facet normal 1 0 1.83697e-16
      outer loop
         vertex -0.017 0.012 0.0083
         vertex -0.015706 0.012 0.0148056
         vertex -0.015706 -0.012 0.0148056
      endloop
   endfacet
   facet normal 0.92388 0 0.382683
      outer loop
         vertex -0.015706 0.012 0.00179438
         vertex -0.017 0.012 0.0083
         vertex -0.017 -0.012 0.0083
      endloop
   endfacet
   facet normal 0.707107 0 0.707107
      outer loop
         vertex -0.0120208 0.012 -0.00372082
         vertex -0.015706 0.012 0.00179438
         vertex -0.015706 -0.012 0.00179438
      endloop
   endfacet
   facet normal 0.382683 0 0.92388
      outer loop
         vertex -0.00650562 0.012 -0.00740595
         vertex -0.0120208 0.012 -0.00372082
         vertex -0.0120208 -0.012 -0.00372082
      endloop
   endfacet
   facet normal -1.22465e-16 0 1
      outer loop
         vertex 2.0819e-18 0.012 -0.0087
         vertex -0.00650562 0.012 -0.00740595
         vertex -0.00650562 -0.012 -0.00740595
      endloop
   endfacet
   facet normal -0.382683 0 0.92388
      outer loop
         vertex 0.00650562 0.012 -0.00740595
         vertex 2.0819e-18 0.012 -0.0087
         vertex 2.0819e-18 -0.012 -0.0087
      endloop
   endfacet
   facet normal -0.707107 0 0.707107
      outer loop
         vertex 0.0120208 0.012 -0.00372082
         vertex 0.00650562 0.012 -0.00740595
         vertex 0.00650562 -0.012 -0.00740595
      endloop
   endfacet
   facet normal -0.92388 0 0.382683
      outer loop
         vertex 0.015706 0.012 0.00179438
         vertex 0.0120208 0.012 -0.00372082
         vertex 0.0120208 -0.012 -0.00372082
      endloop
   endfacet
   facet normal -1 0 1.60812e-16
      outer loop
         vertex 0.017 0.012 0.0083
         vertex 0.015706 0.012 0.00179438
         vertex 0.015706 -0.012 0.00179438
      endloop
   endfacet
   facet normal -0.92388 0 -0.382683
      outer loop
         vertex 0.015706 0.012 0.0148056
         vertex 0.017 0.012 0.0083
         vertex 0.017 -0.012 0.0083
      endloop
   endfacet
   facet normal -0.707107 0 -0.707107
      outer loop
         vertex 0.0120208 0.012 0.0203208
         vertex 0.015706 0.012 0.0148056
         vertex 0.015706 -0.012 0.0148056
      endloop
   endfacet
   facet normal -0.382683 0 -0.92388
      outer loop
         vertex 0.00650562 0.012 0.024006
         vertex 0.0120208 0.012 0.0203208
         vertex 0.0120208 -0.012 0.0203208
      endloop
   endfacet
   facet normal 2.44929e-16 0 -1
      outer loop
         vertex -4.1638e-18 0.012 0.0253
         vertex 0.00650562 0.012 0.024006
         vertex 0.00650562 -0.012 0.024006
      endloop
   endfacet
   facet normal -0.382683 0 -0.92388
      outer loop
         vertex 0.00650562 -0.012 0.024006
         vertex 0 -0.012 0.0253
         vertex -4.1638e-18 0.012 0.0253
      endloop
   endfacet
   facet normal -0.707107 0 -0.707107
      outer loop
         vertex 0.0120208 -0.012 0.0203208
         vertex 0.00650562 -0.012 0.024006
         vertex 0.00650562 0.012 0.024006
      endloop
   endfacet
   facet normal -0.92388 0 -0.382683
      outer loop
         vertex 0.015706 -0.012 0.0148056
         vertex 0.0120208 -0.012 0.0203208
         vertex 0.0120208 0.012 0.0203208
      endloop
   endfacet
   facet normal -1 0 1.60812e-16
      outer loop
         vertex 0.017 -0.012 0.0083
         vertex 0.015706 -0.012 0.0148056
         vertex 0.015706 0.012 0.0148056
      endloop
   endfacet
   facet normal -0.92388 0 0.382683
      outer loop
         vertex 0.015706 -0.012 0.00179438
         vertex 0.017 -0.012 0.0083
         vertex 0.017 0.012 0.0083
      endloop
   endfacet
   facet normal -0.707107 0 0.707107
      outer loop
         vertex 0.0120208 -0.012 -0.00372082
         vertex 0.015706 -0.012 0.00179438
         vertex 0.015706 0.012 0.00179438
      endloop
   endfacet
   facet normal -0.382683 0 0.92388
      outer loop
         vertex 0.00650562 -0.012 -0.00740595
         vertex 0.0120208 -0.012 -0.00372082
         vertex 0.0120208 0.012 -0.00372082
      endloop
   endfacet
   facet normal -1.22465e-16 0 1
      outer loop
         vertex 2.0819e-18 -0.012 -0.0087
         vertex 0.00650562 -0.012 -0.00740595
         vertex 0.00650562 0.012 -0.00740595
      endloop
   endfacet
   facet normal 0.382683 0 0.92388
      outer loop
         vertex -0.00650562 -0.012 -0.00740595
         vertex 2.0819e-18 -0.012 -0.0087
         vertex 2.0819e-18 0.012 -0.0087
      endloop
   endfacet
   facet normal 0.707107 0 0.707107
      outer loop
         vertex -0.0120208 -0.012 -0.00372082
         vertex -0.00650562 -0.012 -0.00740595
         vertex -0.00650562 0.012 -0.00740595
      endloop
   endfacet
   facet normal 0.92388 0 0.382683
      outer loop
         vertex -0.015706 -0.012 0.00179438
         vertex -0.0120208 -0.012 -0.00372082
         vertex -0.0120208 0.012 -0.00372082
      endloop
   endfacet
   facet normal 1 0 1.83697e-16
      outer loop
         vertex -0.017 -0.012 0.0083
         vertex -0.015706 -0.012 0.00179438
         vertex -0.015706 0.012 0.00179438
      endloop
   endfacet
   facet normal 0.92388 0 -0.382683
      outer loop
         vertex -0.015706 -0.012 0.0148056
         vertex -0.017 -0.012 0.0083
         vertex -0.017 0.012 0.0083
      endloop
   endfacet
   facet normal 0.707107 0 -0.707107
      outer loop
         vertex -0.0120208 -0.012 0.0203208
         vertex -0.015706 -0.012 0.0148056
         vertex -0.015706 0.012 0.0148056
      endloop
   endfacet
   facet normal 0.382683 0 -0.92388
      outer loop
         vertex -0.00650562 -0.012 0.024006
         vertex -0.0120208 -0.012 0.0203208
         vertex -0.0120208 0.012 0.0203208
      endloop
   endfacet
   facet normal 2.44929e-16 0 -1
      outer loop
         vertex 0 -0.012 0.0253
         vertex -0.00650562 -0.012 0.024006
         vertex -0.00650562 0.012 0.024006
      endloop
   endfacet
   facet normal 0 0.707107 -0.707107
      outer loop
         vertex -0.0678853 0.012 0.0609244
         vertex -0.0643563 0.012 0.0605541
         vertex -0.0647714 0.01 0.0585977
      endloop
   endfacet
   facet normal -0.146789 0.707107 -0.691703
      outer loop
         vertex -0.0643563 0.012 0.0605541
         vertex -0.060981 0.012 0.0594592
         vertex -0.0617932 0.01 0.0576316
      endloop
   endfacet
   facet normal -0.287183 0.707107 -0.646162
      outer loop
         vertex -0.0617932 0.01 0.0576316
         vertex -0.0647714 0.01 0.0585977
         vertex -0.0643563 0.012 0.0605541
      endloop
   endfacet
   facet normal -0.146789 0.707107 -0.691703
      outer loop
         vertex -0.0647714 0.01 0.0585977
         vertex -0.0678853 0.01 0.0589244
         vertex -0.0678853 0.012 0.0609244
      endloop
   endfacet
   facet normal 0 0.707107 -0.707107
      outer loop
         vertex -0.0678853 0.012 0.0609244
         vertex -0.0678853 0.01 0.0589244
         vertex -0.075 0.01 0.0589244
      endloop
   endfacet
   facet normal 0 0.707107 -0.707107
      outer loop
         vertex -0.075 0.01 0.0589244
         vertex -0.075 0.012 0.0609244
         vertex -0.0678853 0.012 0.0609244
      endloop
   endfacet
   facet normal -0.287183 0.707107 -0.646162
      outer loop
         vertex -0.060981 0.012 0.0594592
         vertex -0.0300956 0.012 0.0457324
         vertex -0.0309079 0.01 0.0439048
      endloop
   endfacet
   facet normal -0.287183 0.707107 -0.646162
      outer loop
         vertex -0.0309079 0.01 0.0439048
         vertex -0.0617932 0.01 0.0576316
         vertex -0.060981 0.012 0.0594592
      endloop
   endfacet
   facet normal -0.207591 0 -0.978216
      outer loop
         vertex -0.0647714 0.003 0.0585977
         vertex -0.0678853 0.003 0.0589244
         vertex -0.0678853 0.01 0.0589244
      endloop
   endfacet
   facet normal -0.406138 0 -0.913812
      outer loop
         vertex -0.0617932 0.003 0.0576316
         vertex -0.0647714 0.003 0.0585977
         vertex -0.0647714 0.01 0.0585977
      endloop
   endfacet
   facet normal -0.207591 0 -0.978216
      outer loop
         vertex -0.0647714 0.01 0.0585977
         vertex -0.0617932 0.01 0.0576316
         vertex -0.0617932 0.003 0.0576316
      endloop
   endfacet
   facet normal -1.22465e-16 0 -1
      outer loop
         vertex -0.0678853 0.01 0.0589244
         vertex -0.0647714 0.01 0.0585977
         vertex -0.0647714 0.003 0.0585977
      endloop
   endfacet
   facet normal 0 0 -1
      outer loop
         vertex -0.0678853 0.003 0.0589244
         vertex -0.075 0.003 0.0589244
         vertex -0.075 0.01 0.0589244
      endloop
   endfacet
   facet normal 0 0 -1
      outer loop
         vertex -0.075 0.01 0.0589244
         vertex -0.0678853 0.01 0.0589244
         vertex -0.0678853 0.003 0.0589244
      endloop
   endfacet
   facet normal 0.707107 0.707107 1.29893e-16
      outer loop
         vertex -0.092 0.012 0.0439244
         vertex -0.090706 0.012 0.05043
         vertex -0.0888582 0.01 0.0496647
      endloop
   endfacet
   facet normal 0.653281 0.707107 -0.270598
      outer loop
         vertex -0.090706 0.012 0.05043
         vertex -0.0870208 0.012 0.0559452
         vertex -0.0856066 0.01 0.054531
      endloop
   endfacet
   facet normal 0.5 0.707107 -0.5
      outer loop
         vertex -0.0870208 0.012 0.0559452
         vertex -0.0815056 0.012 0.0596304
         vertex -0.0807403 0.01 0.0577826
      endloop
   endfacet
   facet normal 0.270598 0.707107 -0.653281
      outer loop
         vertex -0.0815056 0.012 0.0596304
         vertex -0.075 0.012 0.0609244
         vertex -0.075 0.01 0.0589244
      endloop
   endfacet
   facet normal -7.85046e-17 0.707107 -0.707107
      outer loop
         vertex -0.075 0.01 0.0589244
         vertex -0.0807403 0.01 0.0577826
         vertex -0.0815056 0.012 0.0596304
      endloop
   endfacet
   facet normal 0.270598 0.707107 -0.653281
      outer loop
         vertex -0.0807403 0.01 0.0577826
         vertex -0.0856066 0.01 0.054531
         vertex -0.0870208 0.012 0.0559452
      endloop
   endfacet
   facet normal 0.5 0.707107 -0.5
      outer loop
         vertex -0.0856066 0.01 0.054531
         vertex -0.0888582 0.01 0.0496647
         vertex -0.090706 0.012 0.05043
      endloop
   endfacet
   facet normal 0.653281 0.707107 -0.270598
      outer loop
         vertex -0.0888582 0.01 0.0496647
         vertex -0.09 0.01 0.0439244
         vertex -0.092 0.012 0.0439244
      endloop
   endfacet
   facet normal -0.406138 0 -0.913812
      outer loop
         vertex -0.0617932 0.01 0.0576316
         vertex -0.0309079 0.01 0.0439048
         vertex -0.0309079 0.003 0.0439048
      endloop
   endfacet
   facet normal -0.406138 0 -0.913812
      outer loop
         vertex -0.0309079 0.003 0.0439048
         vertex -0.0617932 0.003 0.0576316
         vertex -0.0617932 0.01 0.0576316
      endloop
   endfacet
   facet normal -0.287183 0.707107 -0.646162
      outer loop
         vertex -0.0300956 0.012 0.0457324
         vertex -0.0247764 0.012 0.0420121
         vertex -0.0262145 0.01 0.0406222
      endloop
   endfacet
   facet normal -0.508436 0.707107 -0.49142
      outer loop
         vertex -0.0247764 0.012 0.0420121
         vertex -0.0212393 0.012 0.0365694
         vertex -0.0230935 0.01 0.0358198
      endloop
   endfacet
   facet normal -0.65556 0.707107 -0.26503
      outer loop
         vertex -0.0212393 0.012 0.0365694
         vertex -0.02 0.012 0.0301976
         vertex -0.022 0.01 0.0301976
      endloop
   endfacet
   facet normal -0.707107 0.707107 0
      outer loop
         vertex -0.022 0.01 0.0301976
         vertex -0.0230935 0.01 0.0358198
         vertex -0.0212393 0.012 0.0365694
      endloop
   endfacet
   facet normal -0.65556 0.707107 -0.26503
      outer loop
         vertex -0.0230935 0.01 0.0358198
         vertex -0.0262145 0.01 0.0406222
         vertex -0.0247764 0.012 0.0420121
      endloop
   endfacet
   facet normal -0.508436 0.707107 -0.49142
      outer loop
         vertex -0.0262145 0.01 0.0406222
         vertex -0.0309079 0.01 0.0439048
         vertex -0.0300956 0.012 0.0457324
      endloop
   endfacet
   facet normal -0.719037 0 -0.694972
      outer loop
         vertex -0.0262145 0.003 0.0406222
         vertex -0.0309079 0.003 0.0439048
         vertex -0.0309079 0.01 0.0439048
      endloop
   endfacet
   facet normal -0.927102 0 -0.374809
      outer loop
         vertex -0.0230935 0.003 0.0358198
         vertex -0.0262145 0.003 0.0406222
         vertex -0.0262145 0.01 0.0406222
      endloop
   endfacet
   facet normal -1 0 6.12323e-17
      outer loop
         vertex -0.022 0.003 0.0301976
         vertex -0.0230935 0.003 0.0358198
         vertex -0.0230935 0.01 0.0358198
      endloop
   endfacet
   facet normal -0.927102 0 -0.374809
      outer loop
         vertex -0.0230935 0.01 0.0358198
         vertex -0.022 0.01 0.0301976
         vertex -0.022 0.003 0.0301976
      endloop
   endfacet
   facet normal -0.719037 0 -0.694972
      outer loop
         vertex -0.0262145 0.01 0.0406222
         vertex -0.0230935 0.01 0.0358198
         vertex -0.0230935 0.003 0.0358198
      endloop
   endfacet
   facet normal -0.406138 0 -0.913812
      outer loop
         vertex -0.0309079 0.01 0.0439048
         vertex -0.0262145 0.01 0.0406222
         vertex -0.0262145 0.003 0.0406222
      endloop
   endfacet
   facet normal -0.707107 0.707107 1.29243e-16
      outer loop
         vertex -0.02 0.012 0.0301976
         vertex -0.02 0.012 -0.002
         vertex -0.022 0.01 -0.002
      endloop
   endfacet
   facet normal -0.707107 0.707107 1.29243e-16
      outer loop
         vertex -0.022 0.01 -0.002
         vertex -0.022 0.01 0.0301976
         vertex -0.02 0.012 0.0301976
      endloop
   endfacet
   facet normal -1 0 1.82777e-16
      outer loop
         vertex -0.022 0.01 0.0301976
         vertex -0.022 0.01 -0.002
         vertex -0.022 0.003 -0.002
      endloop
   endfacet
   facet normal -1 0 1.82777e-16
      outer loop
         vertex -0.022 0.003 -0.002
         vertex -0.022 0.003 0.0301976
         vertex -0.022 0.01 0.0301976
      endloop
   endfacet
   facet normal -0.707107 0.707107 1.29243e-16
      outer loop
         vertex -0.02 0.012 -0.002
         vertex -0.021294 0.012 -0.00850562
         vertex -0.0231418 0.01 -0.00774025
      endloop
   endfacet
   facet normal -0.653281 0.707107 0.270598
      outer loop
         vertex -0.021294 0.012 -0.00850562
         vertex -0.0249792 0.012 -0.0140208
         vertex -0.0263934 0.01 -0.0126066
      endloop
   endfacet
   facet normal -0.5 0.707107 0.5
      outer loop
         vertex -0.0249792 0.012 -0.0140208
         vertex -0.0304944 0.012 -0.017706
         vertex -0.0312597 0.01 -0.0158582
      endloop
   endfacet
   facet normal -0.270598 0.707107 0.653281
      outer loop
         vertex -0.0304944 0.012 -0.017706
         vertex -0.037 0.012 -0.019
         vertex -0.037 0.01 -0.017
      endloop
   endfacet
   facet normal 4.24271e-17 0.707107 0.707107
      outer loop
         vertex -0.037 0.01 -0.017
         vertex -0.0312597 0.01 -0.0158582
         vertex -0.0304944 0.012 -0.017706
      endloop
   endfacet
   facet normal -0.270598 0.707107 0.653281
      outer loop
         vertex -0.0312597 0.01 -0.0158582
         vertex -0.0263934 0.01 -0.0126066
         vertex -0.0249792 0.012 -0.0140208
      endloop
   endfacet
   facet normal -0.5 0.707107 0.5
      outer loop
         vertex -0.0263934 0.01 -0.0126066
         vertex -0.0231418 0.01 -0.00774025
         vertex -0.021294 0.012 -0.00850562
      endloop
   endfacet
   facet normal -0.653281 0.707107 0.270598
      outer loop
         vertex -0.0231418 0.01 -0.00774025
         vertex -0.022 0.01 -0.002
         vertex -0.02 0.012 -0.002
      endloop
   endfacet
   facet normal -0.92388 0 0.382683
      outer loop
         vertex -0.0231418 0.003 -0.00774025
         vertex -0.022 0.003 -0.002
         vertex -0.022 0.01 -0.002
      endloop
   endfacet
   facet normal -0.707107 0 0.707107
      outer loop
         vertex -0.0263934 0.003 -0.0126066
         vertex -0.0231418 0.003 -0.00774025
         vertex -0.0231418 0.01 -0.00774025
      endloop
   endfacet
   facet normal -0.382683 0 0.92388
      outer loop
         vertex -0.0312597 0.003 -0.0158582
         vertex -0.0263934 0.003 -0.0126066
         vertex -0.0263934 0.01 -0.0126066
      endloop
   endfacet
   facet normal 0 0 1
      outer loop
         vertex -0.037 0.003 -0.017
         vertex -0.0312597 0.003 -0.0158582
         vertex -0.0312597 0.01 -0.0158582
      endloop
   endfacet
   facet normal -0.382683 0 0.92388
      outer loop
         vertex -0.0312597 0.01 -0.0158582
         vertex -0.037 0.01 -0.017
         vertex -0.037 0.003 -0.017
      endloop
   endfacet
   facet normal -0.707107 0 0.707107
      outer loop
         vertex -0.0263934 0.01 -0.0126066
         vertex -0.0312597 0.01 -0.0158582
         vertex -0.0312597 0.003 -0.0158582
      endloop
   endfacet
   facet normal -0.92388 0 0.382683
      outer loop
         vertex -0.0231418 0.01 -0.00774025
         vertex -0.0263934 0.01 -0.0126066
         vertex -0.0263934 0.003 -0.0126066
      endloop
   endfacet
   facet normal -1 0 6.12323e-17
      outer loop
         vertex -0.022 0.01 -0.002
         vertex -0.0231418 0.01 -0.00774025
         vertex -0.0231418 0.003 -0.00774025
      endloop
   endfacet
   facet normal 7.2155e-17 0.707107 0.707107
      outer loop
         vertex -0.075 0.012 -0.019
         vertex -0.075 0.01 -0.017
         vertex -0.037 0.01 -0.017
      endloop
   endfacet
   facet normal 7.2155e-17 0.707107 0.707107
      outer loop
         vertex -0.037 0.01 -0.017
         vertex -0.037 0.012 -0.019
         vertex -0.075 0.012 -0.019
      endloop
   endfacet
   facet normal 1.02043e-16 0 1
      outer loop
         vertex -0.075 0.003 -0.017
         vertex -0.037 0.003 -0.017
         vertex -0.037 0.01 -0.017
      endloop
   endfacet
   facet normal 1.02043e-16 0 1
      outer loop
         vertex -0.037 0.01 -0.017
         vertex -0.075 0.01 -0.017
         vertex -0.075 0.003 -0.017
      endloop
   endfacet
   facet normal 7.2155e-17 0.707107 0.707107
      outer loop
         vertex -0.075 0.012 -0.019
         vertex -0.0815056 0.012 -0.017706
         vertex -0.0807403 0.01 -0.0158582
      endloop
   endfacet
   facet normal 0.270598 0.707107 0.653281
      outer loop
         vertex -0.0815056 0.012 -0.017706
         vertex -0.0870208 0.012 -0.0140208
         vertex -0.0856066 0.01 -0.0126066
      endloop
   endfacet
   facet normal 0.5 0.707107 0.5
      outer loop
         vertex -0.0870208 0.012 -0.0140208
         vertex -0.090706 0.012 -0.00850562
         vertex -0.0888582 0.01 -0.00774025
      endloop
   endfacet
   facet normal 0.653281 0.707107 0.270598
      outer loop
         vertex -0.090706 0.012 -0.00850562
         vertex -0.092 0.012 -0.002
         vertex -0.09 0.01 -0.002
      endloop
   endfacet
   facet normal 0.707107 0.707107 -7.85046e-17
      outer loop
         vertex -0.09 0.01 -0.002
         vertex -0.0888582 0.01 -0.00774025
         vertex -0.090706 0.012 -0.00850562
      endloop
   endfacet
   facet normal 0.653281 0.707107 0.270598
      outer loop
         vertex -0.0888582 0.01 -0.00774025
         vertex -0.0856066 0.01 -0.0126066
         vertex -0.0870208 0.012 -0.0140208
      endloop
   endfacet
   facet normal 0.5 0.707107 0.5
      outer loop
         vertex -0.0856066 0.01 -0.0126066
         vertex -0.0807403 0.01 -0.0158582
         vertex -0.0815056 0.012 -0.017706
      endloop
   endfacet
   facet normal 0.270598 0.707107 0.653281
      outer loop
         vertex -0.0807403 0.01 -0.0158582
         vertex -0.075 0.01 -0.017
         vertex -0.075 0.012 -0.019
      endloop
   endfacet
   facet normal 0 1 0
      outer loop
         vertex -0.037 0.003 -0.017
         vertex -0.0231418 0.003 -0.00774025
         vertex -0.0263934 0.003 -0.0126066
      endloop
   endfacet
   facet normal 0 1 0
      outer loop
         vertex -0.037 0.003 -0.017
         vertex -0.022 0.003 -0.002
         vertex -0.0231418 0.003 -0.00774025
      endloop
   endfacet
   facet normal 0 1 0
      outer loop
         vertex -0.0263934 0.003 -0.0126066
         vertex -0.0312597 0.003 -0.0158582
         vertex -0.037 0.003 -0.017
      endloop
   endfacet
   facet normal 0 1 0
      outer loop
         vertex -0.075 0.003 -0.017
         vertex -0.0309079 0.003 0.0439048
         vertex -0.0262145 0.003 0.0406222
      endloop
   endfacet
   facet normal 0 1 0
      outer loop
         vertex -0.0888582 0.003 -0.00774025
         vertex -0.075 0.003 -0.017
         vertex -0.0807403 0.003 -0.0158582
      endloop
   endfacet
   facet normal 0 1 0
      outer loop
         vertex -0.075 0.003 -0.017
         vertex -0.022 0.003 0.0301976
         vertex -0.022 0.003 -0.002
      endloop
   endfacet
   facet normal 0 1 0
      outer loop
         vertex -0.0262145 0.003 0.0406222
         vertex -0.0230935 0.003 0.0358198
         vertex -0.075 0.003 -0.017
      endloop
   endfacet
   facet normal 0 1 0
      outer loop
         vertex -0.09 0.003 0.0439244
         vertex -0.0856066 0.003 0.054531
         vertex -0.0807403 0.003 0.0577826
      endloop
   endfacet
   facet normal 0 1 0
      outer loop
         vertex -0.075 0.003 0.0589244
         vertex -0.075 0.003 -0.017
         vertex -0.09 0.003 -0.002
      endloop
   endfacet
   facet normal 0 1 0
      outer loop
         vertex -0.0807403 0.003 -0.0158582
         vertex -0.0856066 0.003 -0.0126066
         vertex -0.0888582 0.003 -0.00774025
      endloop
   endfacet
   facet normal 0 1 0
      outer loop
         vertex -0.0230935 0.003 0.0358198
         vertex -0.022 0.003 0.0301976
         vertex -0.075 0.003 -0.017
      endloop
   endfacet
   facet normal 0 1 0
      outer loop
         vertex -0.09 0.003 0.0439244
         vertex -0.0888582 0.003 0.0496647
         vertex -0.0856066 0.003 0.054531
      endloop
   endfacet
   facet normal 0 1 0
      outer loop
         vertex -0.0888582 0.003 -0.00774025
         vertex -0.09 0.003 -0.002
         vertex -0.075 0.003 -0.017
      endloop
   endfacet
   facet normal 0 1 0
      outer loop
         vertex -0.075 0.003 -0.017
         vertex -0.0617932 0.003 0.0576316
         vertex -0.0309079 0.003 0.0439048
      endloop
   endfacet
   facet normal 0 1 0
      outer loop
         vertex -0.075 0.003 -0.017
         vertex -0.0678853 0.003 0.0589244
         vertex -0.0647714 0.003 0.0585977
      endloop
   endfacet
   facet normal 0 1 0
      outer loop
         vertex -0.09 0.003 -0.002
         vertex -0.09 0.003 0.0439244
         vertex -0.075 0.003 0.0589244
      endloop
   endfacet
   facet normal 0 1 0
      outer loop
         vertex -0.0647714 0.003 0.0585977
         vertex -0.0617932 0.003 0.0576316
         vertex -0.075 0.003 -0.017
      endloop
   endfacet
   facet normal 0 1 0
      outer loop
         vertex -0.0807403 0.003 0.0577826
         vertex -0.075 0.003 0.0589244
         vertex -0.09 0.003 0.0439244
      endloop
   endfacet
   facet normal 0 1 0
      outer loop
         vertex -0.075 0.003 0.0589244
         vertex -0.0678853 0.003 0.0589244
         vertex -0.075 0.003 -0.017
      endloop
   endfacet
   facet normal 0 1 0
      outer loop
         vertex -0.037 0.003 -0.017
         vertex -0.075 0.003 -0.017
         vertex -0.022 0.003 -0.002
      endloop
   endfacet
   facet normal 1 0 -1.82784e-16
      outer loop
         vertex -0.09 0.003 0.0439244
         vertex -0.09 0.003 -0.002
         vertex -0.09 0.01 -0.002
      endloop
   endfacet
   facet normal 1 0 -1.82784e-16
      outer loop
         vertex -0.09 0.01 -0.002
         vertex -0.09 0.01 0.0439244
         vertex -0.09 0.003 0.0439244
      endloop
   endfacet
   facet normal 0.92388 0 -0.382683
      outer loop
         vertex -0.0888582 0.003 0.0496647
         vertex -0.09 0.003 0.0439244
         vertex -0.09 0.01 0.0439244
      endloop
   endfacet
   facet normal 0.707107 0 -0.707107
      outer loop
         vertex -0.0856066 0.003 0.054531
         vertex -0.0888582 0.003 0.0496647
         vertex -0.0888582 0.01 0.0496647
      endloop
   endfacet
   facet normal 0.382683 0 -0.92388
      outer loop
         vertex -0.0807403 0.003 0.0577826
         vertex -0.0856066 0.003 0.054531
         vertex -0.0856066 0.01 0.054531
      endloop
   endfacet
   facet normal -1.22465e-16 0 -1
      outer loop
         vertex -0.075 0.003 0.0589244
         vertex -0.0807403 0.003 0.0577826
         vertex -0.0807403 0.01 0.0577826
      endloop
   endfacet
   facet normal 0.382683 0 -0.92388
      outer loop
         vertex -0.0807403 0.01 0.0577826
         vertex -0.075 0.01 0.0589244
         vertex -0.075 0.003 0.0589244
      endloop
   endfacet
   facet normal 0.707107 0 -0.707107
      outer loop
         vertex -0.0856066 0.01 0.054531
         vertex -0.0807403 0.01 0.0577826
         vertex -0.0807403 0.003 0.0577826
      endloop
   endfacet
   facet normal 0.92388 0 -0.382683
      outer loop
         vertex -0.0888582 0.01 0.0496647
         vertex -0.0856066 0.01 0.054531
         vertex -0.0856066 0.003 0.054531
      endloop
   endfacet
   facet normal 1 0 -1.82784e-16
      outer loop
         vertex -0.09 0.01 0.0439244
         vertex -0.0888582 0.01 0.0496647
         vertex -0.0888582 0.003 0.0496647
      endloop
   endfacet
   facet normal 0.382683 0 0.92388
      outer loop
         vertex -0.0807403 0.003 -0.0158582
         vertex -0.075 0.003 -0.017
         vertex -0.075 0.01 -0.017
      endloop
   endfacet
   facet normal 0.707107 0 0.707107
      outer loop
         vertex -0.0856066 0.003 -0.0126066
         vertex -0.0807403 0.003 -0.0158582
         vertex -0.0807403 0.01 -0.0158582
      endloop
   endfacet
   facet normal 0.92388 0 0.382683
      outer loop
         vertex -0.0888582 0.003 -0.00774025
         vertex -0.0856066 0.003 -0.0126066
         vertex -0.0856066 0.01 -0.0126066
      endloop
   endfacet
   facet normal 1 0 -1.83697e-16
      outer loop
         vertex -0.09 0.003 -0.002
         vertex -0.0888582 0.003 -0.00774025
         vertex -0.0888582 0.01 -0.00774025
      endloop
   endfacet
   facet normal 0.92388 0 0.382683
      outer loop
         vertex -0.0888582 0.01 -0.00774025
         vertex -0.09 0.01 -0.002
         vertex -0.09 0.003 -0.002
      endloop
   endfacet
   facet normal 0.707107 0 0.707107
      outer loop
         vertex -0.0856066 0.01 -0.0126066
         vertex -0.0888582 0.01 -0.00774025
         vertex -0.0888582 0.003 -0.00774025
      endloop
   endfacet
   facet normal 0.382683 0 0.92388
      outer loop
         vertex -0.0807403 0.01 -0.0158582
         vertex -0.0856066 0.01 -0.0126066
         vertex -0.0856066 0.003 -0.0126066
      endloop
   endfacet
   facet normal 2.44929e-16 0 1
      outer loop
         vertex -0.075 0.01 -0.017
         vertex -0.0807403 0.01 -0.0158582
         vertex -0.0807403 0.003 -0.0158582
      endloop
   endfacet
   facet normal 0.707107 0.707107 -1.29248e-16
      outer loop
         vertex -0.09 0.01 -0.002
         vertex -0.092 0.012 -0.002
         vertex -0.092 0.012 0.0439244
      endloop
   endfacet
   facet normal 0.707107 0.707107 -1.29248e-16
      outer loop
         vertex -0.092 0.012 0.0439244
         vertex -0.09 0.01 0.0439244
         vertex -0.09 0.01 -0.002
      endloop
   endfacet
   facet normal 0 -1 0
      outer loop
         vertex -0.0247764 -0.012 0.0420121
         vertex -0.00650562 -0.012 0.024006
         vertex 0 -0.012 0.0253
      endloop
   endfacet
   facet normal 0 -1 0
      outer loop
         vertex -0.0699244 -0.012 0.07
         vertex -0.060981 -0.012 0.0594592
         vertex -0.0300956 -0.012 0.0457324
      endloop
   endfacet
   facet normal 0 -1 0
      outer loop
         vertex 0.00934118 -0.012 0.0347708
         vertex -0.0300956 -0.012 0.0457324
         vertex -0.0247764 -0.012 0.0420121
      endloop
   endfacet
   facet normal 0 -1 0
      outer loop
         vertex -0.0699244 -0.012 0.07
         vertex -0.0643563 -0.012 0.0605541
         vertex -0.060981 -0.012 0.0594592
      endloop
   endfacet
   facet normal 0 -1 0
      outer loop
         vertex -0.0699244 -0.012 0.07
         vertex -0.075 -0.012 0.0609244
         vertex -0.0678853 -0.012 0.0609244
      endloop
   endfacet
   facet normal 0 -1 0
      outer loop
         vertex -0.0699244 -0.012 0.07
         vertex -0.1 -0.012 0.07
         vertex -0.0815056 -0.012 0.0596304
      endloop
   endfacet
   facet normal 0 -1 0
      outer loop
         vertex 0.023 -0.012 0.0137532
         vertex 0.017 -0.012 0.0083
         vertex 0.015706 -0.012 0.00179438
      endloop
   endfacet
   facet normal 0 -1 0
      outer loop
         vertex 0.0213233 -0.012 0.0223738
         vertex 0.0120208 -0.012 0.0203208
         vertex 0.015706 -0.012 0.0148056
      endloop
   endfacet
   facet normal 0 -1 0
      outer loop
         vertex -0.0300956 -0.012 0.0457324
         vertex 0.00934118 -0.012 0.0347708
         vertex -0.0699244 -0.012 0.07
      endloop
   endfacet
   facet normal 0 -1 0
      outer loop
         vertex -0.0815056 -0.012 0.0596304
         vertex -0.075 -0.012 0.0609244
         vertex -0.0699244 -0.012 0.07
      endloop
   endfacet
   facet normal 0 -1 0
      outer loop
         vertex -0.1 -0.012 -0.02
         vertex -0.092 -0.012 -0.002
         vertex -0.092 -0.012 0.0439244
      endloop
   endfacet
   facet normal 0 -1 0
      outer loop
         vertex 0.023 -0.012 0.0137532
         vertex 0.015706 -0.012 0.0148056
         vertex 0.017 -0.012 0.0083
      endloop
   endfacet
   facet normal 0 -1 0
      outer loop
         vertex 0.015706 -0.012 0.0148056
         vertex 0.023 -0.012 0.0137532
         vertex 0.0213233 -0.012 0.0223738
      endloop
   endfacet
   facet normal 0 -1 0
      outer loop
         vertex 0.0165378 -0.012 0.0297375
         vertex 0.00934118 -0.012 0.0347708
         vertex 0.00650562 -0.012 0.024006
      endloop
   endfacet
   facet normal 0 -1 0
      outer loop
         vertex -0.0678853 -0.012 0.0609244
         vertex -0.0643563 -0.012 0.0605541
         vertex -0.0699244 -0.012 0.07
      endloop
   endfacet
   facet normal 0 -1 0
      outer loop
         vertex -0.00650562 -0.012 0.024006
         vertex -0.0247764 -0.012 0.0420121
         vertex -0.0212393 -0.012 0.0365694
      endloop
   endfacet
   facet normal 0 -1 0
      outer loop
         vertex -0.092 -0.012 0.0439244
         vertex -0.1 -0.012 0.07
         vertex -0.1 -0.012 -0.02
      endloop
   endfacet
   facet normal 0 -1 0
      outer loop
         vertex -0.0249792 -0.012 -0.0140208
         vertex 0.023 -0.012 -0.02
         vertex 2.0819e-18 -0.012 -0.0087
      endloop
   endfacet
   facet normal 0 -1 0
      outer loop
         vertex 0.0213233 -0.012 0.0223738
         vertex 0.0165378 -0.012 0.0297375
         vertex 0.0120208 -0.012 0.0203208
      endloop
   endfacet
   facet normal 0 -1 0
      outer loop
         vertex 0.00934118 -0.012 0.0347708
         vertex 0 -0.012 0.0253
         vertex 0.00650562 -0.012 0.024006
      endloop
   endfacet
   facet normal 0 -1 0
      outer loop
         vertex -0.0212393 -0.012 0.0365694
         vertex -0.0120208 -0.012 0.0203208
         vertex -0.00650562 -0.012 0.024006
      endloop
   endfacet
   facet normal 0 -1 0
      outer loop
         vertex -0.1 -0.012 -0.02
         vertex -0.090706 -0.012 -0.00850562
         vertex -0.092 -0.012 -0.002
      endloop
   endfacet
   facet normal 0 -1 0
      outer loop
         vertex 0.023 -0.012 -0.02
         vertex 0.00650562 -0.012 -0.00740595
         vertex 2.0819e-18 -0.012 -0.0087
      endloop
   endfacet
   facet normal 0 -1 0
      outer loop
         vertex 0.00650562 -0.012 0.024006
         vertex 0.0120208 -0.012 0.0203208
         vertex 0.0165378 -0.012 0.0297375
      endloop
   endfacet
   facet normal 0 -1 0
      outer loop
         vertex -0.1 -0.012 0.07
         vertex -0.0870208 -0.012 0.0559452
         vertex -0.0815056 -0.012 0.0596304
      endloop
   endfacet
   facet normal 0 -1 0
      outer loop
         vertex -0.1 -0.012 -0.02
         vertex -0.0870208 -0.012 -0.0140208
         vertex -0.090706 -0.012 -0.00850562
      endloop
   endfacet
   facet normal 0 -1 0
      outer loop
         vertex -0.0120208 -0.012 0.0203208
         vertex -0.0212393 -0.012 0.0365694
         vertex -0.02 -0.012 0.0301976
      endloop
   endfacet
   facet normal 0 -1 0
      outer loop
         vertex -0.02 -0.012 0.0301976
         vertex -0.02 -0.012 -0.002
         vertex -0.017 -0.012 0.0083
      endloop
   endfacet
   facet normal 0 -1 0
      outer loop
         vertex 0.023 -0.012 -0.02
         vertex -0.0249792 -0.012 -0.0140208
         vertex -0.0304944 -0.012 -0.017706
      endloop
   endfacet
   facet normal 0 -1 0
      outer loop
         vertex 0.023 -0.012 -0.02
         vertex 0.0120208 -0.012 -0.00372082
         vertex 0.00650562 -0.012 -0.00740595
      endloop
   endfacet
   facet normal 0 -1 0
      outer loop
         vertex 0 -0.012 0.0253
         vertex 0.00934118 -0.012 0.0347708
         vertex -0.0247764 -0.012 0.0420121
      endloop
   endfacet
   facet normal 0 -1 0
      outer loop
         vertex -0.092 -0.012 0.0439244
         vertex -0.090706 -0.012 0.05043
         vertex -0.1 -0.012 0.07
      endloop
   endfacet
   facet normal 0 -1 0
      outer loop
         vertex -0.017 -0.012 0.0083
         vertex -0.015706 -0.012 0.0148056
         vertex -0.02 -0.012 0.0301976
      endloop
   endfacet
   facet normal 0 -1 0
      outer loop
         vertex -0.02 -0.012 -0.002
         vertex -0.0120208 -0.012 -0.00372082
         vertex -0.015706 -0.012 0.00179438
      endloop
   endfacet
   facet normal 0 -1 0
      outer loop
         vertex 2.0819e-18 -0.012 -0.0087
         vertex -0.021294 -0.012 -0.00850562
         vertex -0.0249792 -0.012 -0.0140208
      endloop
   endfacet
   facet normal 0 -1 0
      outer loop
         vertex -0.090706 -0.012 0.05043
         vertex -0.0870208 -0.012 0.0559452
         vertex -0.1 -0.012 0.07
      endloop
   endfacet
   facet normal 0 -1 0
      outer loop
         vertex -0.015706 -0.012 0.00179438
         vertex -0.017 -0.012 0.0083
         vertex -0.02 -0.012 -0.002
      endloop
   endfacet
   facet normal 0 -1 0
      outer loop
         vertex 0.023 -0.012 -0.02
         vertex 0.015706 -0.012 0.00179438
         vertex 0.0120208 -0.012 -0.00372082
      endloop
   endfacet
   facet normal 0 -1 0
      outer loop
         vertex -0.02 -0.012 0.0301976
         vertex -0.015706 -0.012 0.0148056
         vertex -0.0120208 -0.012 0.0203208
      endloop
   endfacet
   facet normal 0 -1 0
      outer loop
         vertex -0.021294 -0.012 -0.00850562
         vertex -0.00650562 -0.012 -0.00740595
         vertex -0.0120208 -0.012 -0.00372082
      endloop
   endfacet
   facet normal 0 -1 0
      outer loop
         vertex -0.1 -0.012 -0.02
         vertex 0.023 -0.012 -0.02
         vertex -0.037 -0.012 -0.019
      endloop
   endfacet
   facet normal 0 -1 0
      outer loop
         vertex 0.015706 -0.012 0.00179438
         vertex 0.023 -0.012 -0.02
         vertex 0.023 -0.012 0.0137532
      endloop
   endfacet
   facet normal 0 -1 0
      outer loop
         vertex -0.021294 -0.012 -0.00850562
         vertex 2.0819e-18 -0.012 -0.0087
         vertex -0.00650562 -0.012 -0.00740595
      endloop
   endfacet
   facet normal 0 -1 0
      outer loop
         vertex -0.037 -0.012 -0.019
         vertex -0.075 -0.012 -0.019
         vertex -0.1 -0.012 -0.02
      endloop
   endfacet
   facet normal 0 -1 0
      outer loop
         vertex -0.0120208 -0.012 -0.00372082
         vertex -0.02 -0.012 -0.002
         vertex -0.021294 -0.012 -0.00850562
      endloop
   endfacet
   facet normal 0 -1 0
      outer loop
         vertex -0.075 -0.012 -0.019
         vertex -0.0815056 -0.012 -0.017706
         vertex -0.1 -0.012 -0.02
      endloop
   endfacet
   facet normal 0 -1 0
      outer loop
         vertex -0.0815056 -0.012 -0.017706
         vertex -0.0870208 -0.012 -0.0140208
         vertex -0.1 -0.012 -0.02
      endloop
   endfacet
   facet normal 0 -1 0
      outer loop
         vertex -0.0304944 -0.012 -0.017706
         vertex -0.037 -0.012 -0.019
         vertex 0.023 -0.012 -0.02
      endloop
   endfacet
   facet normal -0.287183 -0.707107 -0.646162
      outer loop
         vertex -0.060981 -0.012 0.0594592
         vertex -0.0643563 -0.012 0.0605541
         vertex -0.0647714 -0.01 0.0585977
      endloop
   endfacet
   facet normal -0.146789 -0.707107 -0.691703
      outer loop
         vertex -0.0643563 -0.012 0.0605541
         vertex -0.0678853 -0.012 0.0609244
         vertex -0.0678853 -0.01 0.0589244
      endloop
   endfacet
   facet normal -1.11022e-16 -0.707107 -0.707107
      outer loop
         vertex -0.0678853 -0.01 0.0589244
         vertex -0.0647714 -0.01 0.0585977
         vertex -0.0643563 -0.012 0.0605541
      endloop
   endfacet
   facet normal -0.146789 -0.707107 -0.691703
      outer loop
         vertex -0.0647714 -0.01 0.0585977
         vertex -0.0617932 -0.01 0.0576316
         vertex -0.060981 -0.012 0.0594592
      endloop
   endfacet
   facet normal -1.11022e-16 -0.707107 -0.707107
      outer loop
         vertex -0.075 -0.01 0.0589244
         vertex -0.0678853 -0.01 0.0589244
         vertex -0.0678853 -0.012 0.0609244
      endloop
   endfacet
   facet normal -1.11022e-16 -0.707107 -0.707107
      outer loop
         vertex -0.0678853 -0.012 0.0609244
         vertex -0.075 -0.012 0.0609244
         vertex -0.075 -0.01 0.0589244
      endloop
   endfacet
   facet normal -0.287183 -0.707107 -0.646162
      outer loop
         vertex -0.060981 -0.012 0.0594592
         vertex -0.0617932 -0.01 0.0576316
         vertex -0.0309079 -0.01 0.0439048
      endloop
   endfacet
   facet normal -0.287183 -0.707107 -0.646162
      outer loop
         vertex -0.0309079 -0.01 0.0439048
         vertex -0.0300956 -0.012 0.0457324
         vertex -0.060981 -0.012 0.0594592
      endloop
   endfacet
   facet normal -0.207591 0 -0.978216
      outer loop
         vertex -0.0647714 -0.003 0.0585977
         vertex -0.0617932 -0.003 0.0576316
         vertex -0.0617932 -0.01 0.0576316
      endloop
   endfacet
   facet normal 0 0 -1
      outer loop
         vertex -0.0678853 -0.003 0.0589244
         vertex -0.0647714 -0.003 0.0585977
         vertex -0.0647714 -0.01 0.0585977
      endloop
   endfacet
   facet normal -0.207591 0 -0.978216
      outer loop
         vertex -0.0647714 -0.01 0.0585977
         vertex -0.0678853 -0.01 0.0589244
         vertex -0.0678853 -0.003 0.0589244
      endloop
   endfacet
   facet normal -0.406138 0 -0.913812
      outer loop
         vertex -0.0617932 -0.01 0.0576316
         vertex -0.0647714 -0.01 0.0585977
         vertex -0.0647714 -0.003 0.0585977
      endloop
   endfacet
   facet normal -0.406138 0 -0.913812
      outer loop
         vertex -0.0617932 -0.003 0.0576316
         vertex -0.0309079 -0.003 0.0439048
         vertex -0.0309079 -0.01 0.0439048
      endloop
   endfacet
   facet normal -0.406138 0 -0.913812
      outer loop
         vertex -0.0309079 -0.01 0.0439048
         vertex -0.0617932 -0.01 0.0576316
         vertex -0.0617932 -0.003 0.0576316
      endloop
   endfacet
   facet normal -0.707107 -0.707107 4.32978e-17
      outer loop
         vertex -0.02 -0.012 0.0301976
         vertex -0.0212393 -0.012 0.0365694
         vertex -0.0230935 -0.01 0.0358198
      endloop
   endfacet
   facet normal -0.65556 -0.707107 -0.26503
      outer loop
         vertex -0.0212393 -0.012 0.0365694
         vertex -0.0247764 -0.012 0.0420121
         vertex -0.0262145 -0.01 0.0406222
      endloop
   endfacet
   facet normal -0.508436 -0.707107 -0.49142
      outer loop
         vertex -0.0247764 -0.012 0.0420121
         vertex -0.0300956 -0.012 0.0457324
         vertex -0.0309079 -0.01 0.0439048
      endloop
   endfacet
   facet normal -0.287183 -0.707107 -0.646162
      outer loop
         vertex -0.0309079 -0.01 0.0439048
         vertex -0.0262145 -0.01 0.0406222
         vertex -0.0247764 -0.012 0.0420121
      endloop
   endfacet
   facet normal -0.508436 -0.707107 -0.49142
      outer loop
         vertex -0.0262145 -0.01 0.0406222
         vertex -0.0230935 -0.01 0.0358198
         vertex -0.0212393 -0.012 0.0365694
      endloop
   endfacet
   facet normal -0.65556 -0.707107 -0.26503
      outer loop
         vertex -0.0230935 -0.01 0.0358198
         vertex -0.022 -0.01 0.0301976
         vertex -0.02 -0.012 0.0301976
      endloop
   endfacet
   facet normal 0 0 -1
      outer loop
         vertex -0.075 -0.003 0.0589244
         vertex -0.0678853 -0.003 0.0589244
         vertex -0.0678853 -0.01 0.0589244
      endloop
   endfacet
   facet normal 0 0 -1
      outer loop
         vertex -0.0678853 -0.01 0.0589244
         vertex -0.075 -0.01 0.0589244
         vertex -0.075 -0.003 0.0589244
      endloop
   endfacet
   facet normal -8.65956e-17 -0.707107 -0.707107
      outer loop
         vertex -0.075 -0.012 0.0609244
         vertex -0.0815056 -0.012 0.0596304
         vertex -0.0807403 -0.01 0.0577826
      endloop
   endfacet
   facet normal 0.270598 -0.707107 -0.653281
      outer loop
         vertex -0.0815056 -0.012 0.0596304
         vertex -0.0870208 -0.012 0.0559452
         vertex -0.0856066 -0.01 0.054531
      endloop
   endfacet
   facet normal 0.5 -0.707107 -0.5
      outer loop
         vertex -0.0870208 -0.012 0.0559452
         vertex -0.090706 -0.012 0.05043
         vertex -0.0888582 -0.01 0.0496647
      endloop
   endfacet
   facet normal 0.653281 -0.707107 -0.270598
      outer loop
         vertex -0.090706 -0.012 0.05043
         vertex -0.092 -0.012 0.0439244
         vertex -0.09 -0.01 0.0439244
      endloop
   endfacet
   facet normal 0.707107 -0.707107 7.85046e-17
      outer loop
         vertex -0.09 -0.01 0.0439244
         vertex -0.0888582 -0.01 0.0496647
         vertex -0.090706 -0.012 0.05043
      endloop
   endfacet
   facet normal 0.653281 -0.707107 -0.270598
      outer loop
         vertex -0.0888582 -0.01 0.0496647
         vertex -0.0856066 -0.01 0.054531
         vertex -0.0870208 -0.012 0.0559452
      endloop
   endfacet
   facet normal 0.5 -0.707107 -0.5
      outer loop
         vertex -0.0856066 -0.01 0.054531
         vertex -0.0807403 -0.01 0.0577826
         vertex -0.0815056 -0.012 0.0596304
      endloop
   endfacet
   facet normal 0.270598 -0.707107 -0.653281
      outer loop
         vertex -0.0807403 -0.01 0.0577826
         vertex -0.075 -0.01 0.0589244
         vertex -0.075 -0.012 0.0609244
      endloop
   endfacet
   facet normal -0.927102 0 -0.374809
      outer loop
         vertex -0.0230935 -0.003 0.0358198
         vertex -0.022 -0.003 0.0301976
         vertex -0.022 -0.01 0.0301976
      endloop
   endfacet
   facet normal -0.719037 0 -0.694972
      outer loop
         vertex -0.0262145 -0.003 0.0406222
         vertex -0.0230935 -0.003 0.0358198
         vertex -0.0230935 -0.01 0.0358198
      endloop
   endfacet
   facet normal -0.406138 0 -0.913812
      outer loop
         vertex -0.0309079 -0.003 0.0439048
         vertex -0.0262145 -0.003 0.0406222
         vertex -0.0262145 -0.01 0.0406222
      endloop
   endfacet
   facet normal -0.719037 0 -0.694972
      outer loop
         vertex -0.0262145 -0.01 0.0406222
         vertex -0.0309079 -0.01 0.0439048
         vertex -0.0309079 -0.003 0.0439048
      endloop
   endfacet
   facet normal -0.927102 0 -0.374809
      outer loop
         vertex -0.0230935 -0.01 0.0358198
         vertex -0.0262145 -0.01 0.0406222
         vertex -0.0262145 -0.003 0.0406222
      endloop
   endfacet
   facet normal -1 0 -6.12323e-17
      outer loop
         vertex -0.022 -0.01 0.0301976
         vertex -0.0230935 -0.01 0.0358198
         vertex -0.0230935 -0.003 0.0358198
      endloop
   endfacet
   facet normal -0.707107 -0.707107 1.29243e-16
      outer loop
         vertex -0.022 -0.01 0.0301976
         vertex -0.022 -0.01 -0.002
         vertex -0.02 -0.012 -0.002
      endloop
   endfacet
   facet normal -0.707107 -0.707107 1.29243e-16
      outer loop
         vertex -0.02 -0.012 -0.002
         vertex -0.02 -0.012 0.0301976
         vertex -0.022 -0.01 0.0301976
      endloop
   endfacet
   facet normal -1 0 1.82777e-16
      outer loop
         vertex -0.022 -0.003 0.0301976
         vertex -0.022 -0.003 -0.002
         vertex -0.022 -0.01 -0.002
      endloop
   endfacet
   facet normal -1 0 1.82777e-16
      outer loop
         vertex -0.022 -0.01 -0.002
         vertex -0.022 -0.01 0.0301976
         vertex -0.022 -0.003 0.0301976
      endloop
   endfacet
   facet normal 0 -0.707107 0.707107
      outer loop
         vertex -0.037 -0.012 -0.019
         vertex -0.0304944 -0.012 -0.017706
         vertex -0.0312597 -0.01 -0.0158582
      endloop
   endfacet
   facet normal -0.270598 -0.707107 0.653281
      outer loop
         vertex -0.0304944 -0.012 -0.017706
         vertex -0.0249792 -0.012 -0.0140208
         vertex -0.0263934 -0.01 -0.0126066
      endloop
   endfacet
   facet normal -0.5 -0.707107 0.5
      outer loop
         vertex -0.0249792 -0.012 -0.0140208
         vertex -0.021294 -0.012 -0.00850562
         vertex -0.0231418 -0.01 -0.00774025
      endloop
   endfacet
   facet normal -0.653281 -0.707107 0.270598
      outer loop
         vertex -0.021294 -0.012 -0.00850562
         vertex -0.02 -0.012 -0.002
         vertex -0.022 -0.01 -0.002
      endloop
   endfacet
   facet normal -0.707107 -0.707107 -7.85046e-17
      outer loop
         vertex -0.022 -0.01 -0.002
         vertex -0.0231418 -0.01 -0.00774025
         vertex -0.021294 -0.012 -0.00850562
      endloop
   endfacet
   facet normal -0.653281 -0.707107 0.270598
      outer loop
         vertex -0.0231418 -0.01 -0.00774025
         vertex -0.0263934 -0.01 -0.0126066
         vertex -0.0249792 -0.012 -0.0140208
      endloop
   endfacet
   facet normal -0.5 -0.707107 0.5
      outer loop
         vertex -0.0263934 -0.01 -0.0126066
         vertex -0.0312597 -0.01 -0.0158582
         vertex -0.0304944 -0.012 -0.017706
      endloop
   endfacet
   facet normal -0.270598 -0.707107 0.653281
      outer loop
         vertex -0.0312597 -0.01 -0.0158582
         vertex -0.037 -0.01 -0.017
         vertex -0.037 -0.012 -0.019
      endloop
   endfacet
   facet normal -0.382683 0 0.92388
      outer loop
         vertex -0.0312597 -0.003 -0.0158582
         vertex -0.037 -0.003 -0.017
         vertex -0.037 -0.01 -0.017
      endloop
   endfacet
   facet normal -0.707107 0 0.707107
      outer loop
         vertex -0.0263934 -0.003 -0.0126066
         vertex -0.0312597 -0.003 -0.0158582
         vertex -0.0312597 -0.01 -0.0158582
      endloop
   endfacet
   facet normal -0.92388 0 0.382683
      outer loop
         vertex -0.0231418 -0.003 -0.00774025
         vertex -0.0263934 -0.003 -0.0126066
         vertex -0.0263934 -0.01 -0.0126066
      endloop
   endfacet
   facet normal -1 0 -6.12323e-17
      outer loop
         vertex -0.022 -0.003 -0.002
         vertex -0.0231418 -0.003 -0.00774025
         vertex -0.0231418 -0.01 -0.00774025
      endloop
   endfacet
   facet normal -0.92388 0 0.382683
      outer loop
         vertex -0.0231418 -0.01 -0.00774025
         vertex -0.022 -0.01 -0.002
         vertex -0.022 -0.003 -0.002
      endloop
   endfacet
   facet normal -0.707107 0 0.707107
      outer loop
         vertex -0.0263934 -0.01 -0.0126066
         vertex -0.0231418 -0.01 -0.00774025
         vertex -0.0231418 -0.003 -0.00774025
      endloop
   endfacet
   facet normal -0.382683 0 0.92388
      outer loop
         vertex -0.0312597 -0.01 -0.0158582
         vertex -0.0263934 -0.01 -0.0126066
         vertex -0.0263934 -0.003 -0.0126066
      endloop
   endfacet
   facet normal -1.22465e-16 0 1
      outer loop
         vertex -0.037 -0.01 -0.017
         vertex -0.0312597 -0.01 -0.0158582
         vertex -0.0312597 -0.003 -0.0158582
      endloop
   endfacet
   facet normal 7.2155e-17 -0.707107 0.707107
      outer loop
         vertex -0.037 -0.01 -0.017
         vertex -0.075 -0.01 -0.017
         vertex -0.075 -0.012 -0.019
      endloop
   endfacet
   facet normal 7.2155e-17 -0.707107 0.707107
      outer loop
         vertex -0.075 -0.012 -0.019
         vertex -0.037 -0.012 -0.019
         vertex -0.037 -0.01 -0.017
      endloop
   endfacet
   facet normal 1.02043e-16 0 1
      outer loop
         vertex -0.037 -0.003 -0.017
         vertex -0.075 -0.003 -0.017
         vertex -0.075 -0.01 -0.017
      endloop
   endfacet
   facet normal 1.02043e-16 0 1
      outer loop
         vertex -0.075 -0.01 -0.017
         vertex -0.037 -0.01 -0.017
         vertex -0.037 -0.003 -0.017
      endloop
   endfacet
   facet normal 0.707107 -0.707107 -1.29893e-16
      outer loop
         vertex -0.092 -0.012 -0.002
         vertex -0.090706 -0.012 -0.00850562
         vertex -0.0888582 -0.01 -0.00774025
      endloop
   endfacet
   facet normal 0.653281 -0.707107 0.270598
      outer loop
         vertex -0.090706 -0.012 -0.00850562
         vertex -0.0870208 -0.012 -0.0140208
         vertex -0.0856066 -0.01 -0.0126066
      endloop
   endfacet
   facet normal 0.5 -0.707107 0.5
      outer loop
         vertex -0.0870208 -0.012 -0.0140208
         vertex -0.0815056 -0.012 -0.017706
         vertex -0.0807403 -0.01 -0.0158582
      endloop
   endfacet
   facet normal 0.270598 -0.707107 0.653281
      outer loop
         vertex -0.0815056 -0.012 -0.017706
         vertex -0.075 -0.012 -0.019
         vertex -0.075 -0.01 -0.017
      endloop
   endfacet
   facet normal 4.77666e-17 -0.707107 0.707107
      outer loop
         vertex -0.075 -0.01 -0.017
         vertex -0.0807403 -0.01 -0.0158582
         vertex -0.0815056 -0.012 -0.017706
      endloop
   endfacet
   facet normal 0.270598 -0.707107 0.653281
      outer loop
         vertex -0.0807403 -0.01 -0.0158582
         vertex -0.0856066 -0.01 -0.0126066
         vertex -0.0870208 -0.012 -0.0140208
      endloop
   endfacet
   facet normal 0.5 -0.707107 0.5
      outer loop
         vertex -0.0856066 -0.01 -0.0126066
         vertex -0.0888582 -0.01 -0.00774025
         vertex -0.090706 -0.012 -0.00850562
      endloop
   endfacet
   facet normal 0.653281 -0.707107 0.270598
      outer loop
         vertex -0.0888582 -0.01 -0.00774025
         vertex -0.09 -0.01 -0.002
         vertex -0.092 -0.012 -0.002
      endloop
   endfacet
   facet normal 0 -1 0
      outer loop
         vertex -0.0231418 -0.003 -0.00774025
         vertex -0.037 -0.003 -0.017
         vertex -0.0312597 -0.003 -0.0158582
      endloop
   endfacet
   facet normal 0 -1 0
      outer loop
         vertex -0.0312597 -0.003 -0.0158582
         vertex -0.0263934 -0.003 -0.0126066
         vertex -0.0231418 -0.003 -0.00774025
      endloop
   endfacet
   facet normal 0 -1 0
      outer loop
         vertex -0.0888582 -0.003 0.0496647
         vertex -0.075 -0.003 0.0589244
         vertex -0.0807403 -0.003 0.0577826
      endloop
   endfacet
   facet normal 0 -1 0
      outer loop
         vertex -0.075 -0.003 -0.017
         vertex -0.0230935 -0.003 0.0358198
         vertex -0.0262145 -0.003 0.0406222
      endloop
   endfacet
   facet normal 0 -1 0
      outer loop
         vertex -0.0231418 -0.003 -0.00774025
         vertex -0.022 -0.003 -0.002
         vertex -0.037 -0.003 -0.017
      endloop
   endfacet
   facet normal 0 -1 0
      outer loop
         vertex -0.0807403 -0.003 -0.0158582
         vertex -0.09 -0.003 -0.002
         vertex -0.0888582 -0.003 -0.00774025
      endloop
   endfacet
   facet normal 0 -1 0
      outer loop
         vertex -0.075 -0.003 -0.017
         vertex -0.075 -0.003 0.0589244
         vertex -0.09 -0.003 0.0439244
      endloop
   endfacet
   facet normal 0 -1 0
      outer loop
         vertex -0.0807403 -0.003 0.0577826
         vertex -0.0856066 -0.003 0.054531
         vertex -0.0888582 -0.003 0.0496647
      endloop
   endfacet
   facet normal 0 -1 0
      outer loop
         vertex -0.075 -0.003 -0.017
         vertex -0.022 -0.003 0.0301976
         vertex -0.0230935 -0.003 0.0358198
      endloop
   endfacet
   facet normal 0 -1 0
      outer loop
         vertex -0.022 -0.003 0.0301976
         vertex -0.075 -0.003 -0.017
         vertex -0.037 -0.003 -0.017
      endloop
   endfacet
   facet normal 0 -1 0
      outer loop
         vertex -0.0888582 -0.003 -0.00774025
         vertex -0.0856066 -0.003 -0.0126066
         vertex -0.0807403 -0.003 -0.0158582
      endloop
   endfacet
   facet normal 0 -1 0
      outer loop
         vertex -0.0888582 -0.003 0.0496647
         vertex -0.09 -0.003 0.0439244
         vertex -0.075 -0.003 0.0589244
      endloop
   endfacet
   facet normal 0 -1 0
      outer loop
         vertex -0.022 -0.003 -0.002
         vertex -0.022 -0.003 0.0301976
         vertex -0.037 -0.003 -0.017
      endloop
   endfacet
   facet normal 0 -1 0
      outer loop
         vertex -0.09 -0.003 0.0439244
         vertex -0.09 -0.003 -0.002
         vertex -0.075 -0.003 -0.017
      endloop
   endfacet
   facet normal 0 -1 0
      outer loop
         vertex -0.075 -0.003 -0.017
         vertex -0.0617932 -0.003 0.0576316
         vertex -0.0647714 -0.003 0.0585977
      endloop
   endfacet
   facet normal 0 -1 0
      outer loop
         vertex -0.0262145 -0.003 0.0406222
         vertex -0.0309079 -0.003 0.0439048
         vertex -0.075 -0.003 -0.017
      endloop
   endfacet
   facet normal 0 -1 0
      outer loop
         vertex -0.075 -0.003 -0.017
         vertex -0.0678853 -0.003 0.0589244
         vertex -0.075 -0.003 0.0589244
      endloop
   endfacet
   facet normal 0 -1 0
      outer loop
         vertex -0.0309079 -0.003 0.0439048
         vertex -0.0617932 -0.003 0.0576316
         vertex -0.075 -0.003 -0.017
      endloop
   endfacet
   facet normal 0 -1 0
      outer loop
         vertex -0.0647714 -0.003 0.0585977
         vertex -0.0678853 -0.003 0.0589244
         vertex -0.075 -0.003 -0.017
      endloop
   endfacet
   facet normal 0 -1 0
      outer loop
         vertex -0.0807403 -0.003 -0.0158582
         vertex -0.075 -0.003 -0.017
         vertex -0.09 -0.003 -0.002
      endloop
   endfacet
   facet normal 1 0 -1.82784e-16
      outer loop
         vertex -0.09 -0.003 -0.002
         vertex -0.09 -0.003 0.0439244
         vertex -0.09 -0.01 0.0439244
      endloop
   endfacet
   facet normal 1 0 -1.82784e-16
      outer loop
         vertex -0.09 -0.01 0.0439244
         vertex -0.09 -0.01 -0.002
         vertex -0.09 -0.003 -0.002
      endloop
   endfacet
   facet normal 0.382683 0 -0.92388
      outer loop
         vertex -0.0807403 -0.003 0.0577826
         vertex -0.075 -0.003 0.0589244
         vertex -0.075 -0.01 0.0589244
      endloop
   endfacet
   facet normal 0.707107 0 -0.707107
      outer loop
         vertex -0.0856066 -0.003 0.054531
         vertex -0.0807403 -0.003 0.0577826
         vertex -0.0807403 -0.01 0.0577826
      endloop
   endfacet
   facet normal 0.92388 0 -0.382683
      outer loop
         vertex -0.0888582 -0.003 0.0496647
         vertex -0.0856066 -0.003 0.054531
         vertex -0.0856066 -0.01 0.054531
      endloop
   endfacet
   facet normal 1 0 1.83697e-16
      outer loop
         vertex -0.09 -0.003 0.0439244
         vertex -0.0888582 -0.003 0.0496647
         vertex -0.0888582 -0.01 0.0496647
      endloop
   endfacet
   facet normal 0.92388 0 -0.382683
      outer loop
         vertex -0.0888582 -0.01 0.0496647
         vertex -0.09 -0.01 0.0439244
         vertex -0.09 -0.003 0.0439244
      endloop
   endfacet
   facet normal 0.707107 0 -0.707107
      outer loop
         vertex -0.0856066 -0.01 0.054531
         vertex -0.0888582 -0.01 0.0496647
         vertex -0.0888582 -0.003 0.0496647
      endloop
   endfacet
   facet normal 0.382683 0 -0.92388
      outer loop
         vertex -0.0807403 -0.01 0.0577826
         vertex -0.0856066 -0.01 0.054531
         vertex -0.0856066 -0.003 0.054531
      endloop
   endfacet
   facet normal 2.44929e-16 0 -1
      outer loop
         vertex -0.075 -0.01 0.0589244
         vertex -0.0807403 -0.01 0.0577826
         vertex -0.0807403 -0.003 0.0577826
      endloop
   endfacet
   facet normal 0.92388 0 0.382683
      outer loop
         vertex -0.0888582 -0.003 -0.00774025
         vertex -0.09 -0.003 -0.002
         vertex -0.09 -0.01 -0.002
      endloop
   endfacet
   facet normal 0.707107 0 0.707107
      outer loop
         vertex -0.0856066 -0.003 -0.0126066
         vertex -0.0888582 -0.003 -0.00774025
         vertex -0.0888582 -0.01 -0.00774025
      endloop
   endfacet
   facet normal 0.382683 0 0.92388
      outer loop
         vertex -0.0807403 -0.003 -0.0158582
         vertex -0.0856066 -0.003 -0.0126066
         vertex -0.0856066 -0.01 -0.0126066
      endloop
   endfacet
   facet normal -1.22465e-16 0 1
      outer loop
         vertex -0.075 -0.003 -0.017
         vertex -0.0807403 -0.003 -0.0158582
         vertex -0.0807403 -0.01 -0.0158582
      endloop
   endfacet
   facet normal 0.382683 0 0.92388
      outer loop
         vertex -0.0807403 -0.01 -0.0158582
         vertex -0.075 -0.01 -0.017
         vertex -0.075 -0.003 -0.017
      endloop
   endfacet
   facet normal 0.707107 0 0.707107
      outer loop
         vertex -0.0856066 -0.01 -0.0126066
         vertex -0.0807403 -0.01 -0.0158582
         vertex -0.0807403 -0.003 -0.0158582
      endloop
   endfacet
   facet normal 0.92388 0 0.382683
      outer loop
         vertex -0.0888582 -0.01 -0.00774025
         vertex -0.0856066 -0.01 -0.0126066
         vertex -0.0856066 -0.003 -0.0126066
      endloop
   endfacet
   facet normal 1 0 1.83697e-16
      outer loop
         vertex -0.09 -0.01 -0.002
         vertex -0.0888582 -0.01 -0.00774025
         vertex -0.0888582 -0.003 -0.00774025
      endloop
   endfacet
   facet normal 0.707107 -0.707107 -1.29248e-16
      outer loop
         vertex -0.09 -0.01 0.0439244
         vertex -0.092 -0.012 0.0439244
         vertex -0.092 -0.012 -0.002
      endloop
   endfacet
   facet normal 0.707107 -0.707107 -1.29248e-16
      outer loop
         vertex -0.092 -0.012 -0.002
         vertex -0.09 -0.01 -0.002
         vertex -0.09 -0.01 0.0439244
      endloop
   endfacet
endsolid Part 2. Units = meters